Nr okręgu,Nr obwodu,Kandydat,Liczba głosów
1,1,BONK-HAMMERMEISTER Dorota Magdalena,32
1,1,BRATKOWSKI Wojciech,6
1,1,HINC Przemysław Jakub,8
1,1,JAŚKOWIAK Jacek,231
1,1,LEWANDOWSKI Tomasz Jacek,28
1,1,PUCEK Jarosław,32
1,1,ZYSK Tadeusz,76
1,2,BONK-HAMMERMEISTER Dorota Magdalena,82
1,2,BRATKOWSKI Wojciech,15
1,2,HINC Przemysław Jakub,16
1,2,JAŚKOWIAK Jacek,593
1,2,LEWANDOWSKI Tomasz Jacek,86
1,2,PUCEK Jarosław,59
1,2,ZYSK Tadeusz,217
1,3,BONK-HAMMERMEISTER Dorota Magdalena,34
1,3,BRATKOWSKI Wojciech,3
1,3,HINC Przemysław Jakub,15
1,3,JAŚKOWIAK Jacek,314
1,3,LEWANDOWSKI Tomasz Jacek,45
1,3,PUCEK Jarosław,43
1,3,ZYSK Tadeusz,108
1,4,BONK-HAMMERMEISTER Dorota Magdalena,69
1,4,BRATKOWSKI Wojciech,14
1,4,HINC Przemysław Jakub,11
1,4,JAŚKOWIAK Jacek,330
1,4,LEWANDOWSKI Tomasz Jacek,47
1,4,PUCEK Jarosław,37
1,4,ZYSK Tadeusz,113
1,5,BONK-HAMMERMEISTER Dorota Magdalena,82
1,5,BRATKOWSKI Wojciech,14
1,5,HINC Przemysław Jakub,22
1,5,JAŚKOWIAK Jacek,479
1,5,LEWANDOWSKI Tomasz Jacek,78
1,5,PUCEK Jarosław,67
1,5,ZYSK Tadeusz,135
1,6,BONK-HAMMERMEISTER Dorota Magdalena,70
1,6,BRATKOWSKI Wojciech,9
1,6,HINC Przemysław Jakub,12
1,6,JAŚKOWIAK Jacek,403
1,6,LEWANDOWSKI Tomasz Jacek,52
1,6,PUCEK Jarosław,55
1,6,ZYSK Tadeusz,165
1,7,BONK-HAMMERMEISTER Dorota Magdalena,45
1,7,BRATKOWSKI Wojciech,6
1,7,HINC Przemysław Jakub,21
1,7,JAŚKOWIAK Jacek,432
1,7,LEWANDOWSKI Tomasz Jacek,53
1,7,PUCEK Jarosław,37
1,7,ZYSK Tadeusz,129
1,8,BONK-HAMMERMEISTER Dorota Magdalena,55
1,8,BRATKOWSKI Wojciech,12
1,8,HINC Przemysław Jakub,16
1,8,JAŚKOWIAK Jacek,455
1,8,LEWANDOWSKI Tomasz Jacek,58
1,8,PUCEK Jarosław,53
1,8,ZYSK Tadeusz,149
1,9,BONK-HAMMERMEISTER Dorota Magdalena,58
1,9,BRATKOWSKI Wojciech,14
1,9,HINC Przemysław Jakub,20
1,9,JAŚKOWIAK Jacek,367
1,9,LEWANDOWSKI Tomasz Jacek,74
1,9,PUCEK Jarosław,74
1,9,ZYSK Tadeusz,160
1,10,BONK-HAMMERMEISTER Dorota Magdalena,56
1,10,BRATKOWSKI Wojciech,11
1,10,HINC Przemysław Jakub,19
1,10,JAŚKOWIAK Jacek,407
1,10,LEWANDOWSKI Tomasz Jacek,60
1,10,PUCEK Jarosław,49
1,10,ZYSK Tadeusz,172
1,11,BONK-HAMMERMEISTER Dorota Magdalena,58
1,11,BRATKOWSKI Wojciech,9
1,11,HINC Przemysław Jakub,9
1,11,JAŚKOWIAK Jacek,369
1,11,LEWANDOWSKI Tomasz Jacek,56
1,11,PUCEK Jarosław,55
1,11,ZYSK Tadeusz,138
1,12,BONK-HAMMERMEISTER Dorota Magdalena,103
1,12,BRATKOWSKI Wojciech,22
1,12,HINC Przemysław Jakub,27
1,12,JAŚKOWIAK Jacek,751
1,12,LEWANDOWSKI Tomasz Jacek,72
1,12,PUCEK Jarosław,108
1,12,ZYSK Tadeusz,219
1,13,BONK-HAMMERMEISTER Dorota Magdalena,75
1,13,BRATKOWSKI Wojciech,23
1,13,HINC Przemysław Jakub,22
1,13,JAŚKOWIAK Jacek,567
1,13,LEWANDOWSKI Tomasz Jacek,73
1,13,PUCEK Jarosław,89
1,13,ZYSK Tadeusz,230
1,14,BONK-HAMMERMEISTER Dorota Magdalena,19
1,14,BRATKOWSKI Wojciech,18
1,14,HINC Przemysław Jakub,9
1,14,JAŚKOWIAK Jacek,429
1,14,LEWANDOWSKI Tomasz Jacek,68
1,14,PUCEK Jarosław,58
1,14,ZYSK Tadeusz,217
1,15,BONK-HAMMERMEISTER Dorota Magdalena,37
1,15,BRATKOWSKI Wojciech,11
1,15,HINC Przemysław Jakub,23
1,15,JAŚKOWIAK Jacek,558
1,15,LEWANDOWSKI Tomasz Jacek,62
1,15,PUCEK Jarosław,94
1,15,ZYSK Tadeusz,232
1,16,BONK-HAMMERMEISTER Dorota Magdalena,34
1,16,BRATKOWSKI Wojciech,13
1,16,HINC Przemysław Jakub,11
1,16,JAŚKOWIAK Jacek,449
1,16,LEWANDOWSKI Tomasz Jacek,57
1,16,PUCEK Jarosław,62
1,16,ZYSK Tadeusz,212
1,17,BONK-HAMMERMEISTER Dorota Magdalena,40
1,17,BRATKOWSKI Wojciech,16
1,17,HINC Przemysław Jakub,19
1,17,JAŚKOWIAK Jacek,461
1,17,LEWANDOWSKI Tomasz Jacek,58
1,17,PUCEK Jarosław,126
1,17,ZYSK Tadeusz,193
1,18,BONK-HAMMERMEISTER Dorota Magdalena,34
1,18,BRATKOWSKI Wojciech,12
1,18,HINC Przemysław Jakub,18
1,18,JAŚKOWIAK Jacek,576
1,18,LEWANDOWSKI Tomasz Jacek,63
1,18,PUCEK Jarosław,102
1,18,ZYSK Tadeusz,226
1,19,BONK-HAMMERMEISTER Dorota Magdalena,41
1,19,BRATKOWSKI Wojciech,10
1,19,HINC Przemysław Jakub,17
1,19,JAŚKOWIAK Jacek,588
1,19,LEWANDOWSKI Tomasz Jacek,71
1,19,PUCEK Jarosław,90
1,19,ZYSK Tadeusz,223
1,20,BONK-HAMMERMEISTER Dorota Magdalena,46
1,20,BRATKOWSKI Wojciech,13
1,20,HINC Przemysław Jakub,22
1,20,JAŚKOWIAK Jacek,532
1,20,LEWANDOWSKI Tomasz Jacek,56
1,20,PUCEK Jarosław,63
1,20,ZYSK Tadeusz,192
1,21,BONK-HAMMERMEISTER Dorota Magdalena,29
1,21,BRATKOWSKI Wojciech,11
1,21,HINC Przemysław Jakub,13
1,21,JAŚKOWIAK Jacek,402
1,21,LEWANDOWSKI Tomasz Jacek,57
1,21,PUCEK Jarosław,41
1,21,ZYSK Tadeusz,166
1,22,BONK-HAMMERMEISTER Dorota Magdalena,21
1,22,BRATKOWSKI Wojciech,10
1,22,HINC Przemysław Jakub,20
1,22,JAŚKOWIAK Jacek,355
1,22,LEWANDOWSKI Tomasz Jacek,68
1,22,PUCEK Jarosław,63
1,22,ZYSK Tadeusz,174
1,23,BONK-HAMMERMEISTER Dorota Magdalena,24
1,23,BRATKOWSKI Wojciech,10
1,23,HINC Przemysław Jakub,20
1,23,JAŚKOWIAK Jacek,443
1,23,LEWANDOWSKI Tomasz Jacek,69
1,23,PUCEK Jarosław,79
1,23,ZYSK Tadeusz,213
1,24,BONK-HAMMERMEISTER Dorota Magdalena,18
1,24,BRATKOWSKI Wojciech,7
1,24,HINC Przemysław Jakub,15
1,24,JAŚKOWIAK Jacek,271
1,24,LEWANDOWSKI Tomasz Jacek,49
1,24,PUCEK Jarosław,59
1,24,ZYSK Tadeusz,109
1,25,BONK-HAMMERMEISTER Dorota Magdalena,26
1,25,BRATKOWSKI Wojciech,14
1,25,HINC Przemysław Jakub,19
1,25,JAŚKOWIAK Jacek,338
1,25,LEWANDOWSKI Tomasz Jacek,45
1,25,PUCEK Jarosław,73
1,25,ZYSK Tadeusz,142
1,26,BONK-HAMMERMEISTER Dorota Magdalena,24
1,26,BRATKOWSKI Wojciech,10
1,26,HINC Przemysław Jakub,8
1,26,JAŚKOWIAK Jacek,382
1,26,LEWANDOWSKI Tomasz Jacek,49
1,26,PUCEK Jarosław,57
1,26,ZYSK Tadeusz,139
1,27,BONK-HAMMERMEISTER Dorota Magdalena,24
1,27,BRATKOWSKI Wojciech,12
1,27,HINC Przemysław Jakub,29
1,27,JAŚKOWIAK Jacek,566
1,27,LEWANDOWSKI Tomasz Jacek,60
1,27,PUCEK Jarosław,71
1,27,ZYSK Tadeusz,190
1,28,BONK-HAMMERMEISTER Dorota Magdalena,32
1,28,BRATKOWSKI Wojciech,16
1,28,HINC Przemysław Jakub,11
1,28,JAŚKOWIAK Jacek,463
1,28,LEWANDOWSKI Tomasz Jacek,60
1,28,PUCEK Jarosław,44
1,28,ZYSK Tadeusz,157
1,29,BONK-HAMMERMEISTER Dorota Magdalena,49
1,29,BRATKOWSKI Wojciech,21
1,29,HINC Przemysław Jakub,24
1,29,JAŚKOWIAK Jacek,574
1,29,LEWANDOWSKI Tomasz Jacek,69
1,29,PUCEK Jarosław,68
1,29,ZYSK Tadeusz,190
1,30,BONK-HAMMERMEISTER Dorota Magdalena,12
1,30,BRATKOWSKI Wojciech,10
1,30,HINC Przemysław Jakub,20
1,30,JAŚKOWIAK Jacek,240
1,30,LEWANDOWSKI Tomasz Jacek,50
1,30,PUCEK Jarosław,39
1,30,ZYSK Tadeusz,110
1,31,BONK-HAMMERMEISTER Dorota Magdalena,33
1,31,BRATKOWSKI Wojciech,26
1,31,HINC Przemysław Jakub,16
1,31,JAŚKOWIAK Jacek,443
1,31,LEWANDOWSKI Tomasz Jacek,55
1,31,PUCEK Jarosław,64
1,31,ZYSK Tadeusz,131
1,32,BONK-HAMMERMEISTER Dorota Magdalena,41
1,32,BRATKOWSKI Wojciech,12
1,32,HINC Przemysław Jakub,27
1,32,JAŚKOWIAK Jacek,494
1,32,LEWANDOWSKI Tomasz Jacek,95
1,32,PUCEK Jarosław,65
1,32,ZYSK Tadeusz,178
1,33,BONK-HAMMERMEISTER Dorota Magdalena,20
1,33,BRATKOWSKI Wojciech,9
1,33,HINC Przemysław Jakub,23
1,33,JAŚKOWIAK Jacek,284
1,33,LEWANDOWSKI Tomasz Jacek,49
1,33,PUCEK Jarosław,41
1,33,ZYSK Tadeusz,84
1,34,BONK-HAMMERMEISTER Dorota Magdalena,25
1,34,BRATKOWSKI Wojciech,9
1,34,HINC Przemysław Jakub,14
1,34,JAŚKOWIAK Jacek,290
1,34,LEWANDOWSKI Tomasz Jacek,40
1,34,PUCEK Jarosław,43
1,34,ZYSK Tadeusz,111
1,35,BONK-HAMMERMEISTER Dorota Magdalena,37
1,35,BRATKOWSKI Wojciech,13
1,35,HINC Przemysław Jakub,19
1,35,JAŚKOWIAK Jacek,406
1,35,LEWANDOWSKI Tomasz Jacek,81
1,35,PUCEK Jarosław,55
1,35,ZYSK Tadeusz,173
1,36,BONK-HAMMERMEISTER Dorota Magdalena,46
1,36,BRATKOWSKI Wojciech,17
1,36,HINC Przemysław Jakub,26
1,36,JAŚKOWIAK Jacek,653
1,36,LEWANDOWSKI Tomasz Jacek,70
1,36,PUCEK Jarosław,80
1,36,ZYSK Tadeusz,165
1,37,BONK-HAMMERMEISTER Dorota Magdalena,14
1,37,BRATKOWSKI Wojciech,10
1,37,HINC Przemysław Jakub,7
1,37,JAŚKOWIAK Jacek,311
1,37,LEWANDOWSKI Tomasz Jacek,37
1,37,PUCEK Jarosław,47
1,37,ZYSK Tadeusz,115
1,38,BONK-HAMMERMEISTER Dorota Magdalena,29
1,38,BRATKOWSKI Wojciech,18
1,38,HINC Przemysław Jakub,13
1,38,JAŚKOWIAK Jacek,330
1,38,LEWANDOWSKI Tomasz Jacek,54
1,38,PUCEK Jarosław,20
1,38,ZYSK Tadeusz,86
1,39,BONK-HAMMERMEISTER Dorota Magdalena,67
1,39,BRATKOWSKI Wojciech,23
1,39,HINC Przemysław Jakub,19
1,39,JAŚKOWIAK Jacek,781
1,39,LEWANDOWSKI Tomasz Jacek,92
1,39,PUCEK Jarosław,60
1,39,ZYSK Tadeusz,293
2,40,BONK-HAMMERMEISTER Dorota Magdalena,41
2,40,BRATKOWSKI Wojciech,16
2,40,HINC Przemysław Jakub,26
2,40,JAŚKOWIAK Jacek,817
2,40,LEWANDOWSKI Tomasz Jacek,99
2,40,PUCEK Jarosław,61
2,40,ZYSK Tadeusz,173
2,41,BONK-HAMMERMEISTER Dorota Magdalena,18
2,41,BRATKOWSKI Wojciech,12
2,41,HINC Przemysław Jakub,18
2,41,JAŚKOWIAK Jacek,410
2,41,LEWANDOWSKI Tomasz Jacek,38
2,41,PUCEK Jarosław,47
2,41,ZYSK Tadeusz,164
2,42,BONK-HAMMERMEISTER Dorota Magdalena,26
2,42,BRATKOWSKI Wojciech,14
2,42,HINC Przemysław Jakub,8
2,42,JAŚKOWIAK Jacek,439
2,42,LEWANDOWSKI Tomasz Jacek,30
2,42,PUCEK Jarosław,51
2,42,ZYSK Tadeusz,142
2,43,BONK-HAMMERMEISTER Dorota Magdalena,25
2,43,BRATKOWSKI Wojciech,14
2,43,HINC Przemysław Jakub,23
2,43,JAŚKOWIAK Jacek,560
2,43,LEWANDOWSKI Tomasz Jacek,74
2,43,PUCEK Jarosław,79
2,43,ZYSK Tadeusz,193
2,44,BONK-HAMMERMEISTER Dorota Magdalena,40
2,44,BRATKOWSKI Wojciech,37
2,44,HINC Przemysław Jakub,24
2,44,JAŚKOWIAK Jacek,584
2,44,LEWANDOWSKI Tomasz Jacek,70
2,44,PUCEK Jarosław,89
2,44,ZYSK Tadeusz,203
2,45,BONK-HAMMERMEISTER Dorota Magdalena,23
2,45,BRATKOWSKI Wojciech,23
2,45,HINC Przemysław Jakub,16
2,45,JAŚKOWIAK Jacek,549
2,45,LEWANDOWSKI Tomasz Jacek,106
2,45,PUCEK Jarosław,85
2,45,ZYSK Tadeusz,283
2,46,BONK-HAMMERMEISTER Dorota Magdalena,39
2,46,BRATKOWSKI Wojciech,33
2,46,HINC Przemysław Jakub,17
2,46,JAŚKOWIAK Jacek,718
2,46,LEWANDOWSKI Tomasz Jacek,93
2,46,PUCEK Jarosław,68
2,46,ZYSK Tadeusz,265
2,47,BONK-HAMMERMEISTER Dorota Magdalena,28
2,47,BRATKOWSKI Wojciech,14
2,47,HINC Przemysław Jakub,37
2,47,JAŚKOWIAK Jacek,639
2,47,LEWANDOWSKI Tomasz Jacek,92
2,47,PUCEK Jarosław,76
2,47,ZYSK Tadeusz,225
2,48,BONK-HAMMERMEISTER Dorota Magdalena,37
2,48,BRATKOWSKI Wojciech,17
2,48,HINC Przemysław Jakub,17
2,48,JAŚKOWIAK Jacek,475
2,48,LEWANDOWSKI Tomasz Jacek,73
2,48,PUCEK Jarosław,70
2,48,ZYSK Tadeusz,203
2,49,BONK-HAMMERMEISTER Dorota Magdalena,28
2,49,BRATKOWSKI Wojciech,14
2,49,HINC Przemysław Jakub,28
2,49,JAŚKOWIAK Jacek,654
2,49,LEWANDOWSKI Tomasz Jacek,100
2,49,PUCEK Jarosław,86
2,49,ZYSK Tadeusz,180
2,50,BONK-HAMMERMEISTER Dorota Magdalena,30
2,50,BRATKOWSKI Wojciech,14
2,50,HINC Przemysław Jakub,24
2,50,JAŚKOWIAK Jacek,666
2,50,LEWANDOWSKI Tomasz Jacek,91
2,50,PUCEK Jarosław,110
2,50,ZYSK Tadeusz,214
2,51,BONK-HAMMERMEISTER Dorota Magdalena,41
2,51,BRATKOWSKI Wojciech,14
2,51,HINC Przemysław Jakub,32
2,51,JAŚKOWIAK Jacek,608
2,51,LEWANDOWSKI Tomasz Jacek,81
2,51,PUCEK Jarosław,72
2,51,ZYSK Tadeusz,251
2,52,BONK-HAMMERMEISTER Dorota Magdalena,28
2,52,BRATKOWSKI Wojciech,23
2,52,HINC Przemysław Jakub,24
2,52,JAŚKOWIAK Jacek,609
2,52,LEWANDOWSKI Tomasz Jacek,86
2,52,PUCEK Jarosław,74
2,52,ZYSK Tadeusz,239
2,53,BONK-HAMMERMEISTER Dorota Magdalena,40
2,53,BRATKOWSKI Wojciech,23
2,53,HINC Przemysław Jakub,32
2,53,JAŚKOWIAK Jacek,758
2,53,LEWANDOWSKI Tomasz Jacek,121
2,53,PUCEK Jarosław,85
2,53,ZYSK Tadeusz,259
2,54,BONK-HAMMERMEISTER Dorota Magdalena,40
2,54,BRATKOWSKI Wojciech,16
2,54,HINC Przemysław Jakub,17
2,54,JAŚKOWIAK Jacek,653
2,54,LEWANDOWSKI Tomasz Jacek,91
2,54,PUCEK Jarosław,86
2,54,ZYSK Tadeusz,219
2,55,BONK-HAMMERMEISTER Dorota Magdalena,23
2,55,BRATKOWSKI Wojciech,15
2,55,HINC Przemysław Jakub,19
2,55,JAŚKOWIAK Jacek,621
2,55,LEWANDOWSKI Tomasz Jacek,58
2,55,PUCEK Jarosław,82
2,55,ZYSK Tadeusz,259
2,56,BONK-HAMMERMEISTER Dorota Magdalena,15
2,56,BRATKOWSKI Wojciech,14
2,56,HINC Przemysław Jakub,15
2,56,JAŚKOWIAK Jacek,534
2,56,LEWANDOWSKI Tomasz Jacek,96
2,56,PUCEK Jarosław,72
2,56,ZYSK Tadeusz,229
2,57,BONK-HAMMERMEISTER Dorota Magdalena,31
2,57,BRATKOWSKI Wojciech,11
2,57,HINC Przemysław Jakub,25
2,57,JAŚKOWIAK Jacek,650
2,57,LEWANDOWSKI Tomasz Jacek,82
2,57,PUCEK Jarosław,73
2,57,ZYSK Tadeusz,249
2,58,BONK-HAMMERMEISTER Dorota Magdalena,18
2,58,BRATKOWSKI Wojciech,18
2,58,HINC Przemysław Jakub,18
2,58,JAŚKOWIAK Jacek,484
2,58,LEWANDOWSKI Tomasz Jacek,62
2,58,PUCEK Jarosław,90
2,58,ZYSK Tadeusz,214
2,59,BONK-HAMMERMEISTER Dorota Magdalena,31
2,59,BRATKOWSKI Wojciech,11
2,59,HINC Przemysław Jakub,22
2,59,JAŚKOWIAK Jacek,544
2,59,LEWANDOWSKI Tomasz Jacek,70
2,59,PUCEK Jarosław,67
2,59,ZYSK Tadeusz,214
2,60,BONK-HAMMERMEISTER Dorota Magdalena,24
2,60,BRATKOWSKI Wojciech,11
2,60,HINC Przemysław Jakub,22
2,60,JAŚKOWIAK Jacek,543
2,60,LEWANDOWSKI Tomasz Jacek,69
2,60,PUCEK Jarosław,70
2,60,ZYSK Tadeusz,236
2,61,BONK-HAMMERMEISTER Dorota Magdalena,26
2,61,BRATKOWSKI Wojciech,13
2,61,HINC Przemysław Jakub,34
2,61,JAŚKOWIAK Jacek,703
2,61,LEWANDOWSKI Tomasz Jacek,88
2,61,PUCEK Jarosław,58
2,61,ZYSK Tadeusz,203
2,62,BONK-HAMMERMEISTER Dorota Magdalena,30
2,62,BRATKOWSKI Wojciech,14
2,62,HINC Przemysław Jakub,25
2,62,JAŚKOWIAK Jacek,582
2,62,LEWANDOWSKI Tomasz Jacek,81
2,62,PUCEK Jarosław,55
2,62,ZYSK Tadeusz,231
2,63,BONK-HAMMERMEISTER Dorota Magdalena,29
2,63,BRATKOWSKI Wojciech,12
2,63,HINC Przemysław Jakub,19
2,63,JAŚKOWIAK Jacek,625
2,63,LEWANDOWSKI Tomasz Jacek,83
2,63,PUCEK Jarosław,118
2,63,ZYSK Tadeusz,224
2,64,BONK-HAMMERMEISTER Dorota Magdalena,25
2,64,BRATKOWSKI Wojciech,16
2,64,HINC Przemysław Jakub,24
2,64,JAŚKOWIAK Jacek,650
2,64,LEWANDOWSKI Tomasz Jacek,78
2,64,PUCEK Jarosław,74
2,64,ZYSK Tadeusz,210
2,65,BONK-HAMMERMEISTER Dorota Magdalena,19
2,65,BRATKOWSKI Wojciech,12
2,65,HINC Przemysław Jakub,12
2,65,JAŚKOWIAK Jacek,303
2,65,LEWANDOWSKI Tomasz Jacek,56
2,65,PUCEK Jarosław,48
2,65,ZYSK Tadeusz,162
2,66,BONK-HAMMERMEISTER Dorota Magdalena,26
2,66,BRATKOWSKI Wojciech,7
2,66,HINC Przemysław Jakub,31
2,66,JAŚKOWIAK Jacek,529
2,66,LEWANDOWSKI Tomasz Jacek,68
2,66,PUCEK Jarosław,59
2,66,ZYSK Tadeusz,206
2,67,BONK-HAMMERMEISTER Dorota Magdalena,20
2,67,BRATKOWSKI Wojciech,10
2,67,HINC Przemysław Jakub,21
2,67,JAŚKOWIAK Jacek,527
2,67,LEWANDOWSKI Tomasz Jacek,58
2,67,PUCEK Jarosław,47
2,67,ZYSK Tadeusz,204
2,68,BONK-HAMMERMEISTER Dorota Magdalena,32
2,68,BRATKOWSKI Wojciech,23
2,68,HINC Przemysław Jakub,32
2,68,JAŚKOWIAK Jacek,655
2,68,LEWANDOWSKI Tomasz Jacek,100
2,68,PUCEK Jarosław,94
2,68,ZYSK Tadeusz,234
2,69,BONK-HAMMERMEISTER Dorota Magdalena,31
2,69,BRATKOWSKI Wojciech,12
2,69,HINC Przemysław Jakub,36
2,69,JAŚKOWIAK Jacek,864
2,69,LEWANDOWSKI Tomasz Jacek,72
2,69,PUCEK Jarosław,77
2,69,ZYSK Tadeusz,264
2,70,BONK-HAMMERMEISTER Dorota Magdalena,43
2,70,BRATKOWSKI Wojciech,24
2,70,HINC Przemysław Jakub,48
2,70,JAŚKOWIAK Jacek,913
2,70,LEWANDOWSKI Tomasz Jacek,137
2,70,PUCEK Jarosław,103
2,70,ZYSK Tadeusz,212
3,71,BONK-HAMMERMEISTER Dorota Magdalena,42
3,71,BRATKOWSKI Wojciech,18
3,71,HINC Przemysław Jakub,18
3,71,JAŚKOWIAK Jacek,482
3,71,LEWANDOWSKI Tomasz Jacek,88
3,71,PUCEK Jarosław,82
3,71,ZYSK Tadeusz,222
3,72,BONK-HAMMERMEISTER Dorota Magdalena,16
3,72,BRATKOWSKI Wojciech,9
3,72,HINC Przemysław Jakub,19
3,72,JAŚKOWIAK Jacek,295
3,72,LEWANDOWSKI Tomasz Jacek,49
3,72,PUCEK Jarosław,48
3,72,ZYSK Tadeusz,152
3,73,BONK-HAMMERMEISTER Dorota Magdalena,31
3,73,BRATKOWSKI Wojciech,13
3,73,HINC Przemysław Jakub,11
3,73,JAŚKOWIAK Jacek,427
3,73,LEWANDOWSKI Tomasz Jacek,67
3,73,PUCEK Jarosław,55
3,73,ZYSK Tadeusz,141
3,74,BONK-HAMMERMEISTER Dorota Magdalena,11
3,74,BRATKOWSKI Wojciech,7
3,74,HINC Przemysław Jakub,11
3,74,JAŚKOWIAK Jacek,278
3,74,LEWANDOWSKI Tomasz Jacek,41
3,74,PUCEK Jarosław,33
3,74,ZYSK Tadeusz,150
3,75,BONK-HAMMERMEISTER Dorota Magdalena,18
3,75,BRATKOWSKI Wojciech,17
3,75,HINC Przemysław Jakub,22
3,75,JAŚKOWIAK Jacek,332
3,75,LEWANDOWSKI Tomasz Jacek,58
3,75,PUCEK Jarosław,73
3,75,ZYSK Tadeusz,194
3,76,BONK-HAMMERMEISTER Dorota Magdalena,43
3,76,BRATKOWSKI Wojciech,14
3,76,HINC Przemysław Jakub,17
3,76,JAŚKOWIAK Jacek,411
3,76,LEWANDOWSKI Tomasz Jacek,61
3,76,PUCEK Jarosław,48
3,76,ZYSK Tadeusz,163
3,77,BONK-HAMMERMEISTER Dorota Magdalena,21
3,77,BRATKOWSKI Wojciech,11
3,77,HINC Przemysław Jakub,12
3,77,JAŚKOWIAK Jacek,363
3,77,LEWANDOWSKI Tomasz Jacek,78
3,77,PUCEK Jarosław,65
3,77,ZYSK Tadeusz,161
3,78,BONK-HAMMERMEISTER Dorota Magdalena,30
3,78,BRATKOWSKI Wojciech,6
3,78,HINC Przemysław Jakub,29
3,78,JAŚKOWIAK Jacek,330
3,78,LEWANDOWSKI Tomasz Jacek,66
3,78,PUCEK Jarosław,61
3,78,ZYSK Tadeusz,181
3,79,BONK-HAMMERMEISTER Dorota Magdalena,22
3,79,BRATKOWSKI Wojciech,16
3,79,HINC Przemysław Jakub,23
3,79,JAŚKOWIAK Jacek,420
3,79,LEWANDOWSKI Tomasz Jacek,52
3,79,PUCEK Jarosław,58
3,79,ZYSK Tadeusz,118
3,80,BONK-HAMMERMEISTER Dorota Magdalena,18
3,80,BRATKOWSKI Wojciech,12
3,80,HINC Przemysław Jakub,21
3,80,JAŚKOWIAK Jacek,405
3,80,LEWANDOWSKI Tomasz Jacek,60
3,80,PUCEK Jarosław,64
3,80,ZYSK Tadeusz,145
3,81,BONK-HAMMERMEISTER Dorota Magdalena,30
3,81,BRATKOWSKI Wojciech,9
3,81,HINC Przemysław Jakub,17
3,81,JAŚKOWIAK Jacek,444
3,81,LEWANDOWSKI Tomasz Jacek,56
3,81,PUCEK Jarosław,58
3,81,ZYSK Tadeusz,147
3,82,BONK-HAMMERMEISTER Dorota Magdalena,32
3,82,BRATKOWSKI Wojciech,15
3,82,HINC Przemysław Jakub,24
3,82,JAŚKOWIAK Jacek,543
3,82,LEWANDOWSKI Tomasz Jacek,81
3,82,PUCEK Jarosław,40
3,82,ZYSK Tadeusz,149
3,83,BONK-HAMMERMEISTER Dorota Magdalena,16
3,83,BRATKOWSKI Wojciech,4
3,83,HINC Przemysław Jakub,3
3,83,JAŚKOWIAK Jacek,233
3,83,LEWANDOWSKI Tomasz Jacek,46
3,83,PUCEK Jarosław,48
3,83,ZYSK Tadeusz,125
3,84,BONK-HAMMERMEISTER Dorota Magdalena,41
3,84,BRATKOWSKI Wojciech,22
3,84,HINC Przemysław Jakub,31
3,84,JAŚKOWIAK Jacek,564
3,84,LEWANDOWSKI Tomasz Jacek,101
3,84,PUCEK Jarosław,82
3,84,ZYSK Tadeusz,197
3,85,BONK-HAMMERMEISTER Dorota Magdalena,20
3,85,BRATKOWSKI Wojciech,21
3,85,HINC Przemysław Jakub,21
3,85,JAŚKOWIAK Jacek,459
3,85,LEWANDOWSKI Tomasz Jacek,88
3,85,PUCEK Jarosław,70
3,85,ZYSK Tadeusz,118
3,86,BONK-HAMMERMEISTER Dorota Magdalena,39
3,86,BRATKOWSKI Wojciech,23
3,86,HINC Przemysław Jakub,31
3,86,JAŚKOWIAK Jacek,492
3,86,LEWANDOWSKI Tomasz Jacek,80
3,86,PUCEK Jarosław,87
3,86,ZYSK Tadeusz,178
3,87,BONK-HAMMERMEISTER Dorota Magdalena,10
3,87,BRATKOWSKI Wojciech,15
3,87,HINC Przemysław Jakub,16
3,87,JAŚKOWIAK Jacek,272
3,87,LEWANDOWSKI Tomasz Jacek,52
3,87,PUCEK Jarosław,49
3,87,ZYSK Tadeusz,152
3,88,BONK-HAMMERMEISTER Dorota Magdalena,27
3,88,BRATKOWSKI Wojciech,16
3,88,HINC Przemysław Jakub,27
3,88,JAŚKOWIAK Jacek,544
3,88,LEWANDOWSKI Tomasz Jacek,73
3,88,PUCEK Jarosław,86
3,88,ZYSK Tadeusz,332
3,89,BONK-HAMMERMEISTER Dorota Magdalena,20
3,89,BRATKOWSKI Wojciech,9
3,89,HINC Przemysław Jakub,22
3,89,JAŚKOWIAK Jacek,391
3,89,LEWANDOWSKI Tomasz Jacek,66
3,89,PUCEK Jarosław,61
3,89,ZYSK Tadeusz,181
3,90,BONK-HAMMERMEISTER Dorota Magdalena,48
3,90,BRATKOWSKI Wojciech,14
3,90,HINC Przemysław Jakub,43
3,90,JAŚKOWIAK Jacek,605
3,90,LEWANDOWSKI Tomasz Jacek,65
3,90,PUCEK Jarosław,79
3,90,ZYSK Tadeusz,285
3,91,BONK-HAMMERMEISTER Dorota Magdalena,43
3,91,BRATKOWSKI Wojciech,17
3,91,HINC Przemysław Jakub,23
3,91,JAŚKOWIAK Jacek,472
3,91,LEWANDOWSKI Tomasz Jacek,92
3,91,PUCEK Jarosław,113
3,91,ZYSK Tadeusz,210
3,92,BONK-HAMMERMEISTER Dorota Magdalena,42
3,92,BRATKOWSKI Wojciech,28
3,92,HINC Przemysław Jakub,27
3,92,JAŚKOWIAK Jacek,654
3,92,LEWANDOWSKI Tomasz Jacek,74
3,92,PUCEK Jarosław,97
3,92,ZYSK Tadeusz,325
3,93,BONK-HAMMERMEISTER Dorota Magdalena,32
3,93,BRATKOWSKI Wojciech,20
3,93,HINC Przemysław Jakub,34
3,93,JAŚKOWIAK Jacek,677
3,93,LEWANDOWSKI Tomasz Jacek,68
3,93,PUCEK Jarosław,102
3,93,ZYSK Tadeusz,303
3,94,BONK-HAMMERMEISTER Dorota Magdalena,60
3,94,BRATKOWSKI Wojciech,13
3,94,HINC Przemysław Jakub,34
3,94,JAŚKOWIAK Jacek,565
3,94,LEWANDOWSKI Tomasz Jacek,67
3,94,PUCEK Jarosław,131
3,94,ZYSK Tadeusz,212
3,95,BONK-HAMMERMEISTER Dorota Magdalena,21
3,95,BRATKOWSKI Wojciech,21
3,95,HINC Przemysław Jakub,23
3,95,JAŚKOWIAK Jacek,611
3,95,LEWANDOWSKI Tomasz Jacek,103
3,95,PUCEK Jarosław,66
3,95,ZYSK Tadeusz,233
3,96,BONK-HAMMERMEISTER Dorota Magdalena,30
3,96,BRATKOWSKI Wojciech,20
3,96,HINC Przemysław Jakub,29
3,96,JAŚKOWIAK Jacek,825
3,96,LEWANDOWSKI Tomasz Jacek,111
3,96,PUCEK Jarosław,94
3,96,ZYSK Tadeusz,270
3,97,BONK-HAMMERMEISTER Dorota Magdalena,35
3,97,BRATKOWSKI Wojciech,18
3,97,HINC Przemysław Jakub,25
3,97,JAŚKOWIAK Jacek,719
3,97,LEWANDOWSKI Tomasz Jacek,147
3,97,PUCEK Jarosław,75
3,97,ZYSK Tadeusz,279
3,98,BONK-HAMMERMEISTER Dorota Magdalena,30
3,98,BRATKOWSKI Wojciech,23
3,98,HINC Przemysław Jakub,28
3,98,JAŚKOWIAK Jacek,775
3,98,LEWANDOWSKI Tomasz Jacek,125
3,98,PUCEK Jarosław,111
3,98,ZYSK Tadeusz,285
3,99,BONK-HAMMERMEISTER Dorota Magdalena,27
3,99,BRATKOWSKI Wojciech,13
3,99,HINC Przemysław Jakub,26
3,99,JAŚKOWIAK Jacek,517
3,99,LEWANDOWSKI Tomasz Jacek,65
3,99,PUCEK Jarosław,47
3,99,ZYSK Tadeusz,255
3,100,BONK-HAMMERMEISTER Dorota Magdalena,31
3,100,BRATKOWSKI Wojciech,18
3,100,HINC Przemysław Jakub,25
3,100,JAŚKOWIAK Jacek,800
3,100,LEWANDOWSKI Tomasz Jacek,123
3,100,PUCEK Jarosław,96
3,100,ZYSK Tadeusz,285
3,101,BONK-HAMMERMEISTER Dorota Magdalena,26
3,101,BRATKOWSKI Wojciech,19
3,101,HINC Przemysław Jakub,30
3,101,JAŚKOWIAK Jacek,687
3,101,LEWANDOWSKI Tomasz Jacek,132
3,101,PUCEK Jarosław,80
3,101,ZYSK Tadeusz,332
3,102,BONK-HAMMERMEISTER Dorota Magdalena,36
3,102,BRATKOWSKI Wojciech,19
3,102,HINC Przemysław Jakub,31
3,102,JAŚKOWIAK Jacek,737
3,102,LEWANDOWSKI Tomasz Jacek,119
3,102,PUCEK Jarosław,96
3,102,ZYSK Tadeusz,299
3,103,BONK-HAMMERMEISTER Dorota Magdalena,26
3,103,BRATKOWSKI Wojciech,9
3,103,HINC Przemysław Jakub,22
3,103,JAŚKOWIAK Jacek,694
3,103,LEWANDOWSKI Tomasz Jacek,100
3,103,PUCEK Jarosław,80
3,103,ZYSK Tadeusz,287
3,104,BONK-HAMMERMEISTER Dorota Magdalena,28
3,104,BRATKOWSKI Wojciech,18
3,104,HINC Przemysław Jakub,31
3,104,JAŚKOWIAK Jacek,559
3,104,LEWANDOWSKI Tomasz Jacek,75
3,104,PUCEK Jarosław,89
3,104,ZYSK Tadeusz,289
3,105,BONK-HAMMERMEISTER Dorota Magdalena,32
3,105,BRATKOWSKI Wojciech,27
3,105,HINC Przemysław Jakub,35
3,105,JAŚKOWIAK Jacek,617
3,105,LEWANDOWSKI Tomasz Jacek,90
3,105,PUCEK Jarosław,96
3,105,ZYSK Tadeusz,267
3,106,BONK-HAMMERMEISTER Dorota Magdalena,25
3,106,BRATKOWSKI Wojciech,28
3,106,HINC Przemysław Jakub,36
3,106,JAŚKOWIAK Jacek,600
3,106,LEWANDOWSKI Tomasz Jacek,78
3,106,PUCEK Jarosław,112
3,106,ZYSK Tadeusz,289
4,107,BONK-HAMMERMEISTER Dorota Magdalena,45
4,107,BRATKOWSKI Wojciech,17
4,107,HINC Przemysław Jakub,24
4,107,JAŚKOWIAK Jacek,719
4,107,LEWANDOWSKI Tomasz Jacek,67
4,107,PUCEK Jarosław,68
4,107,ZYSK Tadeusz,155
4,108,BONK-HAMMERMEISTER Dorota Magdalena,37
4,108,BRATKOWSKI Wojciech,16
4,108,HINC Przemysław Jakub,27
4,108,JAŚKOWIAK Jacek,677
4,108,LEWANDOWSKI Tomasz Jacek,87
4,108,PUCEK Jarosław,57
4,108,ZYSK Tadeusz,175
4,109,BONK-HAMMERMEISTER Dorota Magdalena,35
4,109,BRATKOWSKI Wojciech,19
4,109,HINC Przemysław Jakub,25
4,109,JAŚKOWIAK Jacek,598
4,109,LEWANDOWSKI Tomasz Jacek,105
4,109,PUCEK Jarosław,83
4,109,ZYSK Tadeusz,279
4,110,BONK-HAMMERMEISTER Dorota Magdalena,26
4,110,BRATKOWSKI Wojciech,9
4,110,HINC Przemysław Jakub,15
4,110,JAŚKOWIAK Jacek,547
4,110,LEWANDOWSKI Tomasz Jacek,90
4,110,PUCEK Jarosław,83
4,110,ZYSK Tadeusz,258
4,111,BONK-HAMMERMEISTER Dorota Magdalena,32
4,111,BRATKOWSKI Wojciech,11
4,111,HINC Przemysław Jakub,17
4,111,JAŚKOWIAK Jacek,642
4,111,LEWANDOWSKI Tomasz Jacek,98
4,111,PUCEK Jarosław,82
4,111,ZYSK Tadeusz,266
4,112,BONK-HAMMERMEISTER Dorota Magdalena,26
4,112,BRATKOWSKI Wojciech,20
4,112,HINC Przemysław Jakub,26
4,112,JAŚKOWIAK Jacek,591
4,112,LEWANDOWSKI Tomasz Jacek,95
4,112,PUCEK Jarosław,67
4,112,ZYSK Tadeusz,253
4,113,BONK-HAMMERMEISTER Dorota Magdalena,31
4,113,BRATKOWSKI Wojciech,20
4,113,HINC Przemysław Jakub,17
4,113,JAŚKOWIAK Jacek,686
4,113,LEWANDOWSKI Tomasz Jacek,95
4,113,PUCEK Jarosław,72
4,113,ZYSK Tadeusz,251
4,114,BONK-HAMMERMEISTER Dorota Magdalena,33
4,114,BRATKOWSKI Wojciech,23
4,114,HINC Przemysław Jakub,22
4,114,JAŚKOWIAK Jacek,603
4,114,LEWANDOWSKI Tomasz Jacek,85
4,114,PUCEK Jarosław,102
4,114,ZYSK Tadeusz,265
4,115,BONK-HAMMERMEISTER Dorota Magdalena,32
4,115,BRATKOWSKI Wojciech,19
4,115,HINC Przemysław Jakub,27
4,115,JAŚKOWIAK Jacek,597
4,115,LEWANDOWSKI Tomasz Jacek,104
4,115,PUCEK Jarosław,71
4,115,ZYSK Tadeusz,272
4,116,BONK-HAMMERMEISTER Dorota Magdalena,47
4,116,BRATKOWSKI Wojciech,16
4,116,HINC Przemysław Jakub,24
4,116,JAŚKOWIAK Jacek,626
4,116,LEWANDOWSKI Tomasz Jacek,123
4,116,PUCEK Jarosław,93
4,116,ZYSK Tadeusz,294
4,117,BONK-HAMMERMEISTER Dorota Magdalena,36
4,117,BRATKOWSKI Wojciech,17
4,117,HINC Przemysław Jakub,16
4,117,JAŚKOWIAK Jacek,632
4,117,LEWANDOWSKI Tomasz Jacek,106
4,117,PUCEK Jarosław,75
4,117,ZYSK Tadeusz,338
4,118,BONK-HAMMERMEISTER Dorota Magdalena,33
4,118,BRATKOWSKI Wojciech,15
4,118,HINC Przemysław Jakub,33
4,118,JAŚKOWIAK Jacek,636
4,118,LEWANDOWSKI Tomasz Jacek,115
4,118,PUCEK Jarosław,104
4,118,ZYSK Tadeusz,296
4,119,BONK-HAMMERMEISTER Dorota Magdalena,22
4,119,BRATKOWSKI Wojciech,14
4,119,HINC Przemysław Jakub,30
4,119,JAŚKOWIAK Jacek,656
4,119,LEWANDOWSKI Tomasz Jacek,103
4,119,PUCEK Jarosław,77
4,119,ZYSK Tadeusz,328
4,120,BONK-HAMMERMEISTER Dorota Magdalena,38
4,120,BRATKOWSKI Wojciech,23
4,120,HINC Przemysław Jakub,36
4,120,JAŚKOWIAK Jacek,695
4,120,LEWANDOWSKI Tomasz Jacek,101
4,120,PUCEK Jarosław,97
4,120,ZYSK Tadeusz,248
4,121,BONK-HAMMERMEISTER Dorota Magdalena,43
4,121,BRATKOWSKI Wojciech,15
4,121,HINC Przemysław Jakub,18
4,121,JAŚKOWIAK Jacek,665
4,121,LEWANDOWSKI Tomasz Jacek,98
4,121,PUCEK Jarosław,74
4,121,ZYSK Tadeusz,288
4,122,BONK-HAMMERMEISTER Dorota Magdalena,39
4,122,BRATKOWSKI Wojciech,17
4,122,HINC Przemysław Jakub,19
4,122,JAŚKOWIAK Jacek,657
4,122,LEWANDOWSKI Tomasz Jacek,107
4,122,PUCEK Jarosław,91
4,122,ZYSK Tadeusz,253
4,123,BONK-HAMMERMEISTER Dorota Magdalena,27
4,123,BRATKOWSKI Wojciech,22
4,123,HINC Przemysław Jakub,28
4,123,JAŚKOWIAK Jacek,698
4,123,LEWANDOWSKI Tomasz Jacek,92
4,123,PUCEK Jarosław,85
4,123,ZYSK Tadeusz,254
4,124,BONK-HAMMERMEISTER Dorota Magdalena,26
4,124,BRATKOWSKI Wojciech,17
4,124,HINC Przemysław Jakub,35
4,124,JAŚKOWIAK Jacek,639
4,124,LEWANDOWSKI Tomasz Jacek,112
4,124,PUCEK Jarosław,74
4,124,ZYSK Tadeusz,260
4,125,BONK-HAMMERMEISTER Dorota Magdalena,35
4,125,BRATKOWSKI Wojciech,15
4,125,HINC Przemysław Jakub,15
4,125,JAŚKOWIAK Jacek,699
4,125,LEWANDOWSKI Tomasz Jacek,132
4,125,PUCEK Jarosław,82
4,125,ZYSK Tadeusz,263
4,126,BONK-HAMMERMEISTER Dorota Magdalena,31
4,126,BRATKOWSKI Wojciech,16
4,126,HINC Przemysław Jakub,26
4,126,JAŚKOWIAK Jacek,618
4,126,LEWANDOWSKI Tomasz Jacek,95
4,126,PUCEK Jarosław,96
4,126,ZYSK Tadeusz,240
4,127,BONK-HAMMERMEISTER Dorota Magdalena,29
4,127,BRATKOWSKI Wojciech,26
4,127,HINC Przemysław Jakub,24
4,127,JAŚKOWIAK Jacek,632
4,127,LEWANDOWSKI Tomasz Jacek,91
4,127,PUCEK Jarosław,77
4,127,ZYSK Tadeusz,250
4,128,BONK-HAMMERMEISTER Dorota Magdalena,26
4,128,BRATKOWSKI Wojciech,17
4,128,HINC Przemysław Jakub,23
4,128,JAŚKOWIAK Jacek,447
4,128,LEWANDOWSKI Tomasz Jacek,72
4,128,PUCEK Jarosław,94
4,128,ZYSK Tadeusz,240
4,129,BONK-HAMMERMEISTER Dorota Magdalena,23
4,129,BRATKOWSKI Wojciech,15
4,129,HINC Przemysław Jakub,20
4,129,JAŚKOWIAK Jacek,409
4,129,LEWANDOWSKI Tomasz Jacek,95
4,129,PUCEK Jarosław,64
4,129,ZYSK Tadeusz,113
4,130,BONK-HAMMERMEISTER Dorota Magdalena,32
4,130,BRATKOWSKI Wojciech,10
4,130,HINC Przemysław Jakub,35
4,130,JAŚKOWIAK Jacek,512
4,130,LEWANDOWSKI Tomasz Jacek,130
4,130,PUCEK Jarosław,74
4,130,ZYSK Tadeusz,161
4,131,BONK-HAMMERMEISTER Dorota Magdalena,32
4,131,BRATKOWSKI Wojciech,19
4,131,HINC Przemysław Jakub,40
4,131,JAŚKOWIAK Jacek,357
4,131,LEWANDOWSKI Tomasz Jacek,131
4,131,PUCEK Jarosław,87
4,131,ZYSK Tadeusz,289
4,132,BONK-HAMMERMEISTER Dorota Magdalena,34
4,132,BRATKOWSKI Wojciech,18
4,132,HINC Przemysław Jakub,23
4,132,JAŚKOWIAK Jacek,552
4,132,LEWANDOWSKI Tomasz Jacek,215
4,132,PUCEK Jarosław,114
4,132,ZYSK Tadeusz,296
4,133,BONK-HAMMERMEISTER Dorota Magdalena,44
4,133,BRATKOWSKI Wojciech,8
4,133,HINC Przemysław Jakub,24
4,133,JAŚKOWIAK Jacek,448
4,133,LEWANDOWSKI Tomasz Jacek,120
4,133,PUCEK Jarosław,79
4,133,ZYSK Tadeusz,226
4,134,BONK-HAMMERMEISTER Dorota Magdalena,28
4,134,BRATKOWSKI Wojciech,20
4,134,HINC Przemysław Jakub,32
4,134,JAŚKOWIAK Jacek,495
4,134,LEWANDOWSKI Tomasz Jacek,129
4,134,PUCEK Jarosław,94
4,134,ZYSK Tadeusz,264
4,135,BONK-HAMMERMEISTER Dorota Magdalena,41
4,135,BRATKOWSKI Wojciech,17
4,135,HINC Przemysław Jakub,33
4,135,JAŚKOWIAK Jacek,571
4,135,LEWANDOWSKI Tomasz Jacek,92
4,135,PUCEK Jarosław,114
4,135,ZYSK Tadeusz,273
4,136,BONK-HAMMERMEISTER Dorota Magdalena,49
4,136,BRATKOWSKI Wojciech,21
4,136,HINC Przemysław Jakub,13
4,136,JAŚKOWIAK Jacek,581
4,136,LEWANDOWSKI Tomasz Jacek,102
4,136,PUCEK Jarosław,76
4,136,ZYSK Tadeusz,230
4,137,BONK-HAMMERMEISTER Dorota Magdalena,46
4,137,BRATKOWSKI Wojciech,12
4,137,HINC Przemysław Jakub,26
4,137,JAŚKOWIAK Jacek,554
4,137,LEWANDOWSKI Tomasz Jacek,71
4,137,PUCEK Jarosław,106
4,137,ZYSK Tadeusz,220
4,138,BONK-HAMMERMEISTER Dorota Magdalena,31
4,138,BRATKOWSKI Wojciech,17
4,138,HINC Przemysław Jakub,29
4,138,JAŚKOWIAK Jacek,513
4,138,LEWANDOWSKI Tomasz Jacek,59
4,138,PUCEK Jarosław,125
4,138,ZYSK Tadeusz,232
4,139,BONK-HAMMERMEISTER Dorota Magdalena,64
4,139,BRATKOWSKI Wojciech,13
4,139,HINC Przemysław Jakub,24
4,139,JAŚKOWIAK Jacek,602
4,139,LEWANDOWSKI Tomasz Jacek,71
4,139,PUCEK Jarosław,111
4,139,ZYSK Tadeusz,234
4,140,BONK-HAMMERMEISTER Dorota Magdalena,45
4,140,BRATKOWSKI Wojciech,12
4,140,HINC Przemysław Jakub,16
4,140,JAŚKOWIAK Jacek,312
4,140,LEWANDOWSKI Tomasz Jacek,42
4,140,PUCEK Jarosław,70
4,140,ZYSK Tadeusz,184
4,141,BONK-HAMMERMEISTER Dorota Magdalena,50
4,141,BRATKOWSKI Wojciech,14
4,141,HINC Przemysław Jakub,18
4,141,JAŚKOWIAK Jacek,400
4,141,LEWANDOWSKI Tomasz Jacek,52
4,141,PUCEK Jarosław,64
4,141,ZYSK Tadeusz,199
4,142,BONK-HAMMERMEISTER Dorota Magdalena,68
4,142,BRATKOWSKI Wojciech,18
4,142,HINC Przemysław Jakub,32
4,142,JAŚKOWIAK Jacek,544
4,142,LEWANDOWSKI Tomasz Jacek,67
4,142,PUCEK Jarosław,83
4,142,ZYSK Tadeusz,230
4,143,BONK-HAMMERMEISTER Dorota Magdalena,57
4,143,BRATKOWSKI Wojciech,9
4,143,HINC Przemysław Jakub,41
4,143,JAŚKOWIAK Jacek,566
4,143,LEWANDOWSKI Tomasz Jacek,52
4,143,PUCEK Jarosław,84
4,143,ZYSK Tadeusz,268
4,144,BONK-HAMMERMEISTER Dorota Magdalena,63
4,144,BRATKOWSKI Wojciech,8
4,144,HINC Przemysław Jakub,26
4,144,JAŚKOWIAK Jacek,402
4,144,LEWANDOWSKI Tomasz Jacek,43
4,144,PUCEK Jarosław,58
4,144,ZYSK Tadeusz,212
4,145,BONK-HAMMERMEISTER Dorota Magdalena,37
4,145,BRATKOWSKI Wojciech,10
4,145,HINC Przemysław Jakub,16
4,145,JAŚKOWIAK Jacek,424
4,145,LEWANDOWSKI Tomasz Jacek,32
4,145,PUCEK Jarosław,54
4,145,ZYSK Tadeusz,219
4,146,BONK-HAMMERMEISTER Dorota Magdalena,74
4,146,BRATKOWSKI Wojciech,19
4,146,HINC Przemysław Jakub,21
4,146,JAŚKOWIAK Jacek,520
4,146,LEWANDOWSKI Tomasz Jacek,48
4,146,PUCEK Jarosław,72
4,146,ZYSK Tadeusz,254
5,147,BONK-HAMMERMEISTER Dorota Magdalena,23
5,147,BRATKOWSKI Wojciech,12
5,147,HINC Przemysław Jakub,15
5,147,JAŚKOWIAK Jacek,500
5,147,LEWANDOWSKI Tomasz Jacek,45
5,147,PUCEK Jarosław,35
5,147,ZYSK Tadeusz,165
5,148,BONK-HAMMERMEISTER Dorota Magdalena,31
5,148,BRATKOWSKI Wojciech,16
5,148,HINC Przemysław Jakub,7
5,148,JAŚKOWIAK Jacek,476
5,148,LEWANDOWSKI Tomasz Jacek,59
5,148,PUCEK Jarosław,68
5,148,ZYSK Tadeusz,164
5,149,BONK-HAMMERMEISTER Dorota Magdalena,30
5,149,BRATKOWSKI Wojciech,17
5,149,HINC Przemysław Jakub,25
5,149,JAŚKOWIAK Jacek,697
5,149,LEWANDOWSKI Tomasz Jacek,48
5,149,PUCEK Jarosław,51
5,149,ZYSK Tadeusz,256
5,150,BONK-HAMMERMEISTER Dorota Magdalena,30
5,150,BRATKOWSKI Wojciech,11
5,150,HINC Przemysław Jakub,19
5,150,JAŚKOWIAK Jacek,443
5,150,LEWANDOWSKI Tomasz Jacek,53
5,150,PUCEK Jarosław,66
5,150,ZYSK Tadeusz,201
5,151,BONK-HAMMERMEISTER Dorota Magdalena,26
5,151,BRATKOWSKI Wojciech,13
5,151,HINC Przemysław Jakub,6
5,151,JAŚKOWIAK Jacek,396
5,151,LEWANDOWSKI Tomasz Jacek,49
5,151,PUCEK Jarosław,52
5,151,ZYSK Tadeusz,165
5,152,BONK-HAMMERMEISTER Dorota Magdalena,30
5,152,BRATKOWSKI Wojciech,17
5,152,HINC Przemysław Jakub,26
5,152,JAŚKOWIAK Jacek,618
5,152,LEWANDOWSKI Tomasz Jacek,97
5,152,PUCEK Jarosław,74
5,152,ZYSK Tadeusz,197
5,153,BONK-HAMMERMEISTER Dorota Magdalena,25
5,153,BRATKOWSKI Wojciech,13
5,153,HINC Przemysław Jakub,27
5,153,JAŚKOWIAK Jacek,426
5,153,LEWANDOWSKI Tomasz Jacek,53
5,153,PUCEK Jarosław,120
5,153,ZYSK Tadeusz,232
5,154,BONK-HAMMERMEISTER Dorota Magdalena,16
5,154,BRATKOWSKI Wojciech,9
5,154,HINC Przemysław Jakub,20
5,154,JAŚKOWIAK Jacek,423
5,154,LEWANDOWSKI Tomasz Jacek,72
5,154,PUCEK Jarosław,49
5,154,ZYSK Tadeusz,191
5,155,BONK-HAMMERMEISTER Dorota Magdalena,23
5,155,BRATKOWSKI Wojciech,17
5,155,HINC Przemysław Jakub,19
5,155,JAŚKOWIAK Jacek,514
5,155,LEWANDOWSKI Tomasz Jacek,82
5,155,PUCEK Jarosław,80
5,155,ZYSK Tadeusz,224
5,156,BONK-HAMMERMEISTER Dorota Magdalena,25
5,156,BRATKOWSKI Wojciech,10
5,156,HINC Przemysław Jakub,22
5,156,JAŚKOWIAK Jacek,449
5,156,LEWANDOWSKI Tomasz Jacek,75
5,156,PUCEK Jarosław,53
5,156,ZYSK Tadeusz,164
5,157,BONK-HAMMERMEISTER Dorota Magdalena,19
5,157,BRATKOWSKI Wojciech,14
5,157,HINC Przemysław Jakub,18
5,157,JAŚKOWIAK Jacek,498
5,157,LEWANDOWSKI Tomasz Jacek,90
5,157,PUCEK Jarosław,81
5,157,ZYSK Tadeusz,215
5,158,BONK-HAMMERMEISTER Dorota Magdalena,29
5,158,BRATKOWSKI Wojciech,26
5,158,HINC Przemysław Jakub,19
5,158,JAŚKOWIAK Jacek,564
5,158,LEWANDOWSKI Tomasz Jacek,55
5,158,PUCEK Jarosław,82
5,158,ZYSK Tadeusz,208
5,159,BONK-HAMMERMEISTER Dorota Magdalena,22
5,159,BRATKOWSKI Wojciech,20
5,159,HINC Przemysław Jakub,7
5,159,JAŚKOWIAK Jacek,520
5,159,LEWANDOWSKI Tomasz Jacek,72
5,159,PUCEK Jarosław,47
5,159,ZYSK Tadeusz,209
5,160,BONK-HAMMERMEISTER Dorota Magdalena,48
5,160,BRATKOWSKI Wojciech,23
5,160,HINC Przemysław Jakub,34
5,160,JAŚKOWIAK Jacek,821
5,160,LEWANDOWSKI Tomasz Jacek,79
5,160,PUCEK Jarosław,93
5,160,ZYSK Tadeusz,259
5,161,BONK-HAMMERMEISTER Dorota Magdalena,35
5,161,BRATKOWSKI Wojciech,19
5,161,HINC Przemysław Jakub,24
5,161,JAŚKOWIAK Jacek,630
5,161,LEWANDOWSKI Tomasz Jacek,61
5,161,PUCEK Jarosław,78
5,161,ZYSK Tadeusz,220
5,162,BONK-HAMMERMEISTER Dorota Magdalena,35
5,162,BRATKOWSKI Wojciech,28
5,162,HINC Przemysław Jakub,26
5,162,JAŚKOWIAK Jacek,579
5,162,LEWANDOWSKI Tomasz Jacek,60
5,162,PUCEK Jarosław,76
5,162,ZYSK Tadeusz,250
5,163,BONK-HAMMERMEISTER Dorota Magdalena,46
5,163,BRATKOWSKI Wojciech,13
5,163,HINC Przemysław Jakub,20
5,163,JAŚKOWIAK Jacek,676
5,163,LEWANDOWSKI Tomasz Jacek,82
5,163,PUCEK Jarosław,66
5,163,ZYSK Tadeusz,202
5,164,BONK-HAMMERMEISTER Dorota Magdalena,26
5,164,BRATKOWSKI Wojciech,12
5,164,HINC Przemysław Jakub,20
5,164,JAŚKOWIAK Jacek,541
5,164,LEWANDOWSKI Tomasz Jacek,52
5,164,PUCEK Jarosław,74
5,164,ZYSK Tadeusz,180
5,165,BONK-HAMMERMEISTER Dorota Magdalena,25
5,165,BRATKOWSKI Wojciech,6
5,165,HINC Przemysław Jakub,21
5,165,JAŚKOWIAK Jacek,618
5,165,LEWANDOWSKI Tomasz Jacek,80
5,165,PUCEK Jarosław,85
5,165,ZYSK Tadeusz,191
5,166,BONK-HAMMERMEISTER Dorota Magdalena,27
5,166,BRATKOWSKI Wojciech,12
5,166,HINC Przemysław Jakub,18
5,166,JAŚKOWIAK Jacek,609
5,166,LEWANDOWSKI Tomasz Jacek,78
5,166,PUCEK Jarosław,63
5,166,ZYSK Tadeusz,230
5,167,BONK-HAMMERMEISTER Dorota Magdalena,36
5,167,BRATKOWSKI Wojciech,16
5,167,HINC Przemysław Jakub,24
5,167,JAŚKOWIAK Jacek,668
5,167,LEWANDOWSKI Tomasz Jacek,91
5,167,PUCEK Jarosław,90
5,167,ZYSK Tadeusz,252
5,168,BONK-HAMMERMEISTER Dorota Magdalena,33
5,168,BRATKOWSKI Wojciech,18
5,168,HINC Przemysław Jakub,21
5,168,JAŚKOWIAK Jacek,600
5,168,LEWANDOWSKI Tomasz Jacek,87
5,168,PUCEK Jarosław,78
5,168,ZYSK Tadeusz,260
5,169,BONK-HAMMERMEISTER Dorota Magdalena,28
5,169,BRATKOWSKI Wojciech,23
5,169,HINC Przemysław Jakub,23
5,169,JAŚKOWIAK Jacek,628
5,169,LEWANDOWSKI Tomasz Jacek,112
5,169,PUCEK Jarosław,83
5,169,ZYSK Tadeusz,118
5,170,BONK-HAMMERMEISTER Dorota Magdalena,30
5,170,BRATKOWSKI Wojciech,16
5,170,HINC Przemysław Jakub,17
5,170,JAŚKOWIAK Jacek,501
5,170,LEWANDOWSKI Tomasz Jacek,112
5,170,PUCEK Jarosław,83
5,170,ZYSK Tadeusz,172
5,171,BONK-HAMMERMEISTER Dorota Magdalena,39
5,171,BRATKOWSKI Wojciech,10
5,171,HINC Przemysław Jakub,28
5,171,JAŚKOWIAK Jacek,506
5,171,LEWANDOWSKI Tomasz Jacek,53
5,171,PUCEK Jarosław,79
5,171,ZYSK Tadeusz,200
5,172,BONK-HAMMERMEISTER Dorota Magdalena,33
5,172,BRATKOWSKI Wojciech,12
5,172,HINC Przemysław Jakub,11
5,172,JAŚKOWIAK Jacek,397
5,172,LEWANDOWSKI Tomasz Jacek,51
5,172,PUCEK Jarosław,69
5,172,ZYSK Tadeusz,172
5,173,BONK-HAMMERMEISTER Dorota Magdalena,36
5,173,BRATKOWSKI Wojciech,11
5,173,HINC Przemysław Jakub,27
5,173,JAŚKOWIAK Jacek,459
5,173,LEWANDOWSKI Tomasz Jacek,44
5,173,PUCEK Jarosław,85
5,173,ZYSK Tadeusz,250
5,174,BONK-HAMMERMEISTER Dorota Magdalena,15
5,174,BRATKOWSKI Wojciech,19
5,174,HINC Przemysław Jakub,24
5,174,JAŚKOWIAK Jacek,408
5,174,LEWANDOWSKI Tomasz Jacek,40
5,174,PUCEK Jarosław,68
5,174,ZYSK Tadeusz,261
5,175,BONK-HAMMERMEISTER Dorota Magdalena,22
5,175,BRATKOWSKI Wojciech,14
5,175,HINC Przemysław Jakub,26
5,175,JAŚKOWIAK Jacek,353
5,175,LEWANDOWSKI Tomasz Jacek,45
5,175,PUCEK Jarosław,65
5,175,ZYSK Tadeusz,172
5,176,BONK-HAMMERMEISTER Dorota Magdalena,32
5,176,BRATKOWSKI Wojciech,17
5,176,HINC Przemysław Jakub,41
5,176,JAŚKOWIAK Jacek,598
5,176,LEWANDOWSKI Tomasz Jacek,62
5,176,PUCEK Jarosław,50
5,176,ZYSK Tadeusz,242
5,177,BONK-HAMMERMEISTER Dorota Magdalena,29
5,177,BRATKOWSKI Wojciech,24
5,177,HINC Przemysław Jakub,38
5,177,JAŚKOWIAK Jacek,665
5,177,LEWANDOWSKI Tomasz Jacek,71
5,177,PUCEK Jarosław,74
5,177,ZYSK Tadeusz,280
5,178,BONK-HAMMERMEISTER Dorota Magdalena,29
5,178,BRATKOWSKI Wojciech,18
5,178,HINC Przemysław Jakub,12
5,178,JAŚKOWIAK Jacek,470
5,178,LEWANDOWSKI Tomasz Jacek,37
5,178,PUCEK Jarosław,44
5,178,ZYSK Tadeusz,203
5,179,BONK-HAMMERMEISTER Dorota Magdalena,24
5,179,BRATKOWSKI Wojciech,16
5,179,HINC Przemysław Jakub,37
5,179,JAŚKOWIAK Jacek,419
5,179,LEWANDOWSKI Tomasz Jacek,39
5,179,PUCEK Jarosław,65
5,179,ZYSK Tadeusz,219
5,180,BONK-HAMMERMEISTER Dorota Magdalena,23
5,180,BRATKOWSKI Wojciech,22
5,180,HINC Przemysław Jakub,28
5,180,JAŚKOWIAK Jacek,634
5,180,LEWANDOWSKI Tomasz Jacek,58
5,180,PUCEK Jarosław,77
5,180,ZYSK Tadeusz,202
5,181,BONK-HAMMERMEISTER Dorota Magdalena,49
5,181,BRATKOWSKI Wojciech,19
5,181,HINC Przemysław Jakub,28
5,181,JAŚKOWIAK Jacek,610
5,181,LEWANDOWSKI Tomasz Jacek,75
5,181,PUCEK Jarosław,102
5,181,ZYSK Tadeusz,238
5,182,BONK-HAMMERMEISTER Dorota Magdalena,35
5,182,BRATKOWSKI Wojciech,17
5,182,HINC Przemysław Jakub,29
5,182,JAŚKOWIAK Jacek,614
5,182,LEWANDOWSKI Tomasz Jacek,55
5,182,PUCEK Jarosław,67
5,182,ZYSK Tadeusz,153
5,183,BONK-HAMMERMEISTER Dorota Magdalena,30
5,183,BRATKOWSKI Wojciech,17
5,183,HINC Przemysław Jakub,21
5,183,JAŚKOWIAK Jacek,899
5,183,LEWANDOWSKI Tomasz Jacek,61
5,183,PUCEK Jarosław,66
5,183,ZYSK Tadeusz,270
5,184,BONK-HAMMERMEISTER Dorota Magdalena,57
5,184,BRATKOWSKI Wojciech,30
5,184,HINC Przemysław Jakub,26
5,184,JAŚKOWIAK Jacek,1010
5,184,LEWANDOWSKI Tomasz Jacek,65
5,184,PUCEK Jarosław,84
5,184,ZYSK Tadeusz,254
5,185,BONK-HAMMERMEISTER Dorota Magdalena,29
5,185,BRATKOWSKI Wojciech,11
5,185,HINC Przemysław Jakub,23
5,185,JAŚKOWIAK Jacek,667
5,185,LEWANDOWSKI Tomasz Jacek,61
5,185,PUCEK Jarosław,65
5,185,ZYSK Tadeusz,226
6,186,BONK-HAMMERMEISTER Dorota Magdalena,22
6,186,BRATKOWSKI Wojciech,35
6,186,HINC Przemysław Jakub,29
6,186,JAŚKOWIAK Jacek,510
6,186,LEWANDOWSKI Tomasz Jacek,38
6,186,PUCEK Jarosław,53
6,186,ZYSK Tadeusz,237
6,187,BONK-HAMMERMEISTER Dorota Magdalena,48
6,187,BRATKOWSKI Wojciech,31
6,187,HINC Przemysław Jakub,32
6,187,JAŚKOWIAK Jacek,815
6,187,LEWANDOWSKI Tomasz Jacek,66
6,187,PUCEK Jarosław,120
6,187,ZYSK Tadeusz,298
6,188,BONK-HAMMERMEISTER Dorota Magdalena,34
6,188,BRATKOWSKI Wojciech,35
6,188,HINC Przemysław Jakub,24
6,188,JAŚKOWIAK Jacek,631
6,188,LEWANDOWSKI Tomasz Jacek,56
6,188,PUCEK Jarosław,93
6,188,ZYSK Tadeusz,363
6,189,BONK-HAMMERMEISTER Dorota Magdalena,36
6,189,BRATKOWSKI Wojciech,39
6,189,HINC Przemysław Jakub,29
6,189,JAŚKOWIAK Jacek,672
6,189,LEWANDOWSKI Tomasz Jacek,55
6,189,PUCEK Jarosław,96
6,189,ZYSK Tadeusz,273
6,190,BONK-HAMMERMEISTER Dorota Magdalena,45
6,190,BRATKOWSKI Wojciech,106
6,190,HINC Przemysław Jakub,18
6,190,JAŚKOWIAK Jacek,784
6,190,LEWANDOWSKI Tomasz Jacek,60
6,190,PUCEK Jarosław,83
6,190,ZYSK Tadeusz,232
6,191,BONK-HAMMERMEISTER Dorota Magdalena,67
6,191,BRATKOWSKI Wojciech,70
6,191,HINC Przemysław Jakub,17
6,191,JAŚKOWIAK Jacek,664
6,191,LEWANDOWSKI Tomasz Jacek,70
6,191,PUCEK Jarosław,66
6,191,ZYSK Tadeusz,169
6,192,BONK-HAMMERMEISTER Dorota Magdalena,89
6,192,BRATKOWSKI Wojciech,145
6,192,HINC Przemysław Jakub,21
6,192,JAŚKOWIAK Jacek,753
6,192,LEWANDOWSKI Tomasz Jacek,82
6,192,PUCEK Jarosław,84
6,192,ZYSK Tadeusz,214
6,193,BONK-HAMMERMEISTER Dorota Magdalena,48
6,193,BRATKOWSKI Wojciech,54
6,193,HINC Przemysław Jakub,29
6,193,JAŚKOWIAK Jacek,958
6,193,LEWANDOWSKI Tomasz Jacek,110
6,193,PUCEK Jarosław,124
6,193,ZYSK Tadeusz,322
6,194,BONK-HAMMERMEISTER Dorota Magdalena,49
6,194,BRATKOWSKI Wojciech,26
6,194,HINC Przemysław Jakub,18
6,194,JAŚKOWIAK Jacek,603
6,194,LEWANDOWSKI Tomasz Jacek,68
6,194,PUCEK Jarosław,81
6,194,ZYSK Tadeusz,249
6,195,BONK-HAMMERMEISTER Dorota Magdalena,53
6,195,BRATKOWSKI Wojciech,32
6,195,HINC Przemysław Jakub,38
6,195,JAŚKOWIAK Jacek,765
6,195,LEWANDOWSKI Tomasz Jacek,59
6,195,PUCEK Jarosław,81
6,195,ZYSK Tadeusz,219
6,196,BONK-HAMMERMEISTER Dorota Magdalena,66
6,196,BRATKOWSKI Wojciech,23
6,196,HINC Przemysław Jakub,28
6,196,JAŚKOWIAK Jacek,764
6,196,LEWANDOWSKI Tomasz Jacek,97
6,196,PUCEK Jarosław,95
6,196,ZYSK Tadeusz,240
6,197,BONK-HAMMERMEISTER Dorota Magdalena,31
6,197,BRATKOWSKI Wojciech,27
6,197,HINC Przemysław Jakub,32
6,197,JAŚKOWIAK Jacek,723
6,197,LEWANDOWSKI Tomasz Jacek,98
6,197,PUCEK Jarosław,97
6,197,ZYSK Tadeusz,320
6,198,BONK-HAMMERMEISTER Dorota Magdalena,39
6,198,BRATKOWSKI Wojciech,23
6,198,HINC Przemysław Jakub,39
6,198,JAŚKOWIAK Jacek,611
6,198,LEWANDOWSKI Tomasz Jacek,82
6,198,PUCEK Jarosław,65
6,198,ZYSK Tadeusz,224
6,199,BONK-HAMMERMEISTER Dorota Magdalena,38
6,199,BRATKOWSKI Wojciech,32
6,199,HINC Przemysław Jakub,27
6,199,JAŚKOWIAK Jacek,705
6,199,LEWANDOWSKI Tomasz Jacek,107
6,199,PUCEK Jarosław,95
6,199,ZYSK Tadeusz,238
6,200,BONK-HAMMERMEISTER Dorota Magdalena,27
6,200,BRATKOWSKI Wojciech,24
6,200,HINC Przemysław Jakub,28
6,200,JAŚKOWIAK Jacek,678
6,200,LEWANDOWSKI Tomasz Jacek,83
6,200,PUCEK Jarosław,91
6,200,ZYSK Tadeusz,238
6,201,BONK-HAMMERMEISTER Dorota Magdalena,38
6,201,BRATKOWSKI Wojciech,19
6,201,HINC Przemysław Jakub,30
6,201,JAŚKOWIAK Jacek,720
6,201,LEWANDOWSKI Tomasz Jacek,101
6,201,PUCEK Jarosław,83
6,201,ZYSK Tadeusz,249
6,202,BONK-HAMMERMEISTER Dorota Magdalena,42
6,202,BRATKOWSKI Wojciech,24
6,202,HINC Przemysław Jakub,41
6,202,JAŚKOWIAK Jacek,908
6,202,LEWANDOWSKI Tomasz Jacek,84
6,202,PUCEK Jarosław,103
6,202,ZYSK Tadeusz,242
6,203,BONK-HAMMERMEISTER Dorota Magdalena,35
6,203,BRATKOWSKI Wojciech,25
6,203,HINC Przemysław Jakub,16
6,203,JAŚKOWIAK Jacek,767
6,203,LEWANDOWSKI Tomasz Jacek,96
6,203,PUCEK Jarosław,75
6,203,ZYSK Tadeusz,223
6,204,BONK-HAMMERMEISTER Dorota Magdalena,29
6,204,BRATKOWSKI Wojciech,18
6,204,HINC Przemysław Jakub,36
6,204,JAŚKOWIAK Jacek,746
6,204,LEWANDOWSKI Tomasz Jacek,83
6,204,PUCEK Jarosław,75
6,204,ZYSK Tadeusz,225
6,205,BONK-HAMMERMEISTER Dorota Magdalena,32
6,205,BRATKOWSKI Wojciech,23
6,205,HINC Przemysław Jakub,24
6,205,JAŚKOWIAK Jacek,770
6,205,LEWANDOWSKI Tomasz Jacek,122
6,205,PUCEK Jarosław,84
6,205,ZYSK Tadeusz,204
6,206,BONK-HAMMERMEISTER Dorota Magdalena,42
6,206,BRATKOWSKI Wojciech,18
6,206,HINC Przemysław Jakub,29
6,206,JAŚKOWIAK Jacek,646
6,206,LEWANDOWSKI Tomasz Jacek,97
6,206,PUCEK Jarosław,86
6,206,ZYSK Tadeusz,251
6,207,BONK-HAMMERMEISTER Dorota Magdalena,40
6,207,BRATKOWSKI Wojciech,27
6,207,HINC Przemysław Jakub,31
6,207,JAŚKOWIAK Jacek,646
6,207,LEWANDOWSKI Tomasz Jacek,103
6,207,PUCEK Jarosław,88
6,207,ZYSK Tadeusz,244
6,208,BONK-HAMMERMEISTER Dorota Magdalena,46
6,208,BRATKOWSKI Wojciech,16
6,208,HINC Przemysław Jakub,25
6,208,JAŚKOWIAK Jacek,681
6,208,LEWANDOWSKI Tomasz Jacek,67
6,208,PUCEK Jarosław,101
6,208,ZYSK Tadeusz,203
6,209,BONK-HAMMERMEISTER Dorota Magdalena,49
6,209,BRATKOWSKI Wojciech,28
6,209,HINC Przemysław Jakub,30
6,209,JAŚKOWIAK Jacek,799
6,209,LEWANDOWSKI Tomasz Jacek,84
6,209,PUCEK Jarosław,91
6,209,ZYSK Tadeusz,154
6,210,BONK-HAMMERMEISTER Dorota Magdalena,48
6,210,BRATKOWSKI Wojciech,14
6,210,HINC Przemysław Jakub,21
6,210,JAŚKOWIAK Jacek,656
6,210,LEWANDOWSKI Tomasz Jacek,109
6,210,PUCEK Jarosław,72
6,210,ZYSK Tadeusz,251
6,211,BONK-HAMMERMEISTER Dorota Magdalena,49
6,211,BRATKOWSKI Wojciech,17
6,211,HINC Przemysław Jakub,26
6,211,JAŚKOWIAK Jacek,816
6,211,LEWANDOWSKI Tomasz Jacek,90
6,211,PUCEK Jarosław,97
6,211,ZYSK Tadeusz,205
6,212,BONK-HAMMERMEISTER Dorota Magdalena,21
6,212,BRATKOWSKI Wojciech,28
6,212,HINC Przemysław Jakub,21
6,212,JAŚKOWIAK Jacek,645
6,212,LEWANDOWSKI Tomasz Jacek,122
6,212,PUCEK Jarosław,60
6,212,ZYSK Tadeusz,219
6,213,BONK-HAMMERMEISTER Dorota Magdalena,34
6,213,BRATKOWSKI Wojciech,14
6,213,HINC Przemysław Jakub,37
6,213,JAŚKOWIAK Jacek,578
6,213,LEWANDOWSKI Tomasz Jacek,65
6,213,PUCEK Jarosław,75
6,213,ZYSK Tadeusz,248
6,214,BONK-HAMMERMEISTER Dorota Magdalena,44
6,214,BRATKOWSKI Wojciech,18
6,214,HINC Przemysław Jakub,19
6,214,JAŚKOWIAK Jacek,725
6,214,LEWANDOWSKI Tomasz Jacek,109
6,214,PUCEK Jarosław,82
6,214,ZYSK Tadeusz,186
6,215,BONK-HAMMERMEISTER Dorota Magdalena,35
6,215,BRATKOWSKI Wojciech,22
6,215,HINC Przemysław Jakub,32
6,215,JAŚKOWIAK Jacek,624
6,215,LEWANDOWSKI Tomasz Jacek,83
6,215,PUCEK Jarosław,87
6,215,ZYSK Tadeusz,234
6,216,BONK-HAMMERMEISTER Dorota Magdalena,26
6,216,BRATKOWSKI Wojciech,7
6,216,HINC Przemysław Jakub,17
6,216,JAŚKOWIAK Jacek,520
6,216,LEWANDOWSKI Tomasz Jacek,132
6,216,PUCEK Jarosław,67
6,216,ZYSK Tadeusz,227
6,217,BONK-HAMMERMEISTER Dorota Magdalena,36
6,217,BRATKOWSKI Wojciech,15
6,217,HINC Przemysław Jakub,25
6,217,JAŚKOWIAK Jacek,528
6,217,LEWANDOWSKI Tomasz Jacek,83
6,217,PUCEK Jarosław,68
6,217,ZYSK Tadeusz,231
6,218,BONK-HAMMERMEISTER Dorota Magdalena,52
6,218,BRATKOWSKI Wojciech,23
6,218,HINC Przemysław Jakub,23
6,218,JAŚKOWIAK Jacek,968
6,218,LEWANDOWSKI Tomasz Jacek,105
6,218,PUCEK Jarosław,91
6,218,ZYSK Tadeusz,198
6,219,BONK-HAMMERMEISTER Dorota Magdalena,47
6,219,BRATKOWSKI Wojciech,20
6,219,HINC Przemysław Jakub,24
6,219,JAŚKOWIAK Jacek,719
6,219,LEWANDOWSKI Tomasz Jacek,109
6,219,PUCEK Jarosław,71
6,219,ZYSK Tadeusz,193
6,220,BONK-HAMMERMEISTER Dorota Magdalena,38
6,220,BRATKOWSKI Wojciech,24
6,220,HINC Przemysław Jakub,21
6,220,JAŚKOWIAK Jacek,842
6,220,LEWANDOWSKI Tomasz Jacek,102
6,220,PUCEK Jarosław,94
6,220,ZYSK Tadeusz,111
6,221,BONK-HAMMERMEISTER Dorota Magdalena,37
6,221,BRATKOWSKI Wojciech,11
6,221,HINC Przemysław Jakub,22
6,221,JAŚKOWIAK Jacek,513
6,221,LEWANDOWSKI Tomasz Jacek,64
6,221,PUCEK Jarosław,70
6,221,ZYSK Tadeusz,163
6,222,BONK-HAMMERMEISTER Dorota Magdalena,42
6,222,BRATKOWSKI Wojciech,20
6,222,HINC Przemysław Jakub,30
6,222,JAŚKOWIAK Jacek,854
6,222,LEWANDOWSKI Tomasz Jacek,84
6,222,PUCEK Jarosław,99
6,222,ZYSK Tadeusz,274
6,223,BONK-HAMMERMEISTER Dorota Magdalena,48
6,223,BRATKOWSKI Wojciech,26
6,223,HINC Przemysław Jakub,21
6,223,JAŚKOWIAK Jacek,654
6,223,LEWANDOWSKI Tomasz Jacek,58
6,223,PUCEK Jarosław,123
6,223,ZYSK Tadeusz,267
1,224,BONK-HAMMERMEISTER Dorota Magdalena,2
1,224,BRATKOWSKI Wojciech,0
1,224,HINC Przemysław Jakub,2
1,224,JAŚKOWIAK Jacek,26
1,224,LEWANDOWSKI Tomasz Jacek,8
1,224,PUCEK Jarosław,0
1,224,ZYSK Tadeusz,15
1,225,BONK-HAMMERMEISTER Dorota Magdalena,0
1,225,BRATKOWSKI Wojciech,2
1,225,HINC Przemysław Jakub,0
1,225,JAŚKOWIAK Jacek,21
1,225,LEWANDOWSKI Tomasz Jacek,2
1,225,PUCEK Jarosław,1
1,225,ZYSK Tadeusz,11
1,226,BONK-HAMMERMEISTER Dorota Magdalena,2
1,226,BRATKOWSKI Wojciech,1
1,226,HINC Przemysław Jakub,1
1,226,JAŚKOWIAK Jacek,3
1,226,LEWANDOWSKI Tomasz Jacek,1
1,226,PUCEK Jarosław,0
1,226,ZYSK Tadeusz,13
1,227,BONK-HAMMERMEISTER Dorota Magdalena,0
1,227,BRATKOWSKI Wojciech,0
1,227,HINC Przemysław Jakub,0
1,227,JAŚKOWIAK Jacek,2
1,227,LEWANDOWSKI Tomasz Jacek,0
1,227,PUCEK Jarosław,1
1,227,ZYSK Tadeusz,1
1,228,BONK-HAMMERMEISTER Dorota Magdalena,0
1,228,BRATKOWSKI Wojciech,1
1,228,HINC Przemysław Jakub,0
1,228,JAŚKOWIAK Jacek,3
1,228,LEWANDOWSKI Tomasz Jacek,2
1,228,PUCEK Jarosław,0
1,228,ZYSK Tadeusz,6
1,229,BONK-HAMMERMEISTER Dorota Magdalena,0
1,229,BRATKOWSKI Wojciech,0
1,229,HINC Przemysław Jakub,0
1,229,JAŚKOWIAK Jacek,0
1,229,LEWANDOWSKI Tomasz Jacek,0
1,229,PUCEK Jarosław,0
1,229,ZYSK Tadeusz,1
1,230,BONK-HAMMERMEISTER Dorota Magdalena,1
1,230,BRATKOWSKI Wojciech,0
1,230,HINC Przemysław Jakub,1
1,230,JAŚKOWIAK Jacek,12
1,230,LEWANDOWSKI Tomasz Jacek,1
1,230,PUCEK Jarosław,0
1,230,ZYSK Tadeusz,2
1,231,BONK-HAMMERMEISTER Dorota Magdalena,2
1,231,BRATKOWSKI Wojciech,1
1,231,HINC Przemysław Jakub,0
1,231,JAŚKOWIAK Jacek,8
1,231,LEWANDOWSKI Tomasz Jacek,0
1,231,PUCEK Jarosław,3
1,231,ZYSK Tadeusz,8
1,232,BONK-HAMMERMEISTER Dorota Magdalena,3
1,232,BRATKOWSKI Wojciech,2
1,232,HINC Przemysław Jakub,1
1,232,JAŚKOWIAK Jacek,7
1,232,LEWANDOWSKI Tomasz Jacek,5
1,232,PUCEK Jarosław,1
1,232,ZYSK Tadeusz,8
2,233,BONK-HAMMERMEISTER Dorota Magdalena,0
2,233,BRATKOWSKI Wojciech,2
2,233,HINC Przemysław Jakub,2
2,233,JAŚKOWIAK Jacek,17
2,233,LEWANDOWSKI Tomasz Jacek,8
2,233,PUCEK Jarosław,5
2,233,ZYSK Tadeusz,25
2,234,BONK-HAMMERMEISTER Dorota Magdalena,0
2,234,BRATKOWSKI Wojciech,0
2,234,HINC Przemysław Jakub,0
2,234,JAŚKOWIAK Jacek,36
2,234,LEWANDOWSKI Tomasz Jacek,2
2,234,PUCEK Jarosław,2
2,234,ZYSK Tadeusz,21
2,235,BONK-HAMMERMEISTER Dorota Magdalena,0
2,235,BRATKOWSKI Wojciech,0
2,235,HINC Przemysław Jakub,1
2,235,JAŚKOWIAK Jacek,12
2,235,LEWANDOWSKI Tomasz Jacek,1
2,235,PUCEK Jarosław,0
2,235,ZYSK Tadeusz,2
3,236,BONK-HAMMERMEISTER Dorota Magdalena,1
3,236,BRATKOWSKI Wojciech,0
3,236,HINC Przemysław Jakub,0
3,236,JAŚKOWIAK Jacek,16
3,236,LEWANDOWSKI Tomasz Jacek,1
3,236,PUCEK Jarosław,1
3,236,ZYSK Tadeusz,7
3,237,BONK-HAMMERMEISTER Dorota Magdalena,1
3,237,BRATKOWSKI Wojciech,1
3,237,HINC Przemysław Jakub,0
3,237,JAŚKOWIAK Jacek,5
3,237,LEWANDOWSKI Tomasz Jacek,1
3,237,PUCEK Jarosław,1
3,237,ZYSK Tadeusz,4
3,238,BONK-HAMMERMEISTER Dorota Magdalena,6
3,238,BRATKOWSKI Wojciech,3
3,238,HINC Przemysław Jakub,4
3,238,JAŚKOWIAK Jacek,26
3,238,LEWANDOWSKI Tomasz Jacek,4
3,238,PUCEK Jarosław,5
3,238,ZYSK Tadeusz,6
3,239,BONK-HAMMERMEISTER Dorota Magdalena,0
3,239,BRATKOWSKI Wojciech,1
3,239,HINC Przemysław Jakub,3
3,239,JAŚKOWIAK Jacek,18
3,239,LEWANDOWSKI Tomasz Jacek,5
3,239,PUCEK Jarosław,2
3,239,ZYSK Tadeusz,13
3,240,BONK-HAMMERMEISTER Dorota Magdalena,0
3,240,BRATKOWSKI Wojciech,0
3,240,HINC Przemysław Jakub,2
3,240,JAŚKOWIAK Jacek,22
3,240,LEWANDOWSKI Tomasz Jacek,6
3,240,PUCEK Jarosław,4
3,240,ZYSK Tadeusz,9
3,241,BONK-HAMMERMEISTER Dorota Magdalena,1
3,241,BRATKOWSKI Wojciech,1
3,241,HINC Przemysław Jakub,1
3,241,JAŚKOWIAK Jacek,24
3,241,LEWANDOWSKI Tomasz Jacek,4
3,241,PUCEK Jarosław,3
3,241,ZYSK Tadeusz,19
3,242,BONK-HAMMERMEISTER Dorota Magdalena,0
3,242,BRATKOWSKI Wojciech,0
3,242,HINC Przemysław Jakub,0
3,242,JAŚKOWIAK Jacek,2
3,242,LEWANDOWSKI Tomasz Jacek,0
3,242,PUCEK Jarosław,2
3,242,ZYSK Tadeusz,44
3,243,BONK-HAMMERMEISTER Dorota Magdalena,0
3,243,BRATKOWSKI Wojciech,1
3,243,HINC Przemysław Jakub,0
3,243,JAŚKOWIAK Jacek,6
3,243,LEWANDOWSKI Tomasz Jacek,1
3,243,PUCEK Jarosław,0
3,243,ZYSK Tadeusz,8
4,244,BONK-HAMMERMEISTER Dorota Magdalena,1
4,244,BRATKOWSKI Wojciech,0
4,244,HINC Przemysław Jakub,0
4,244,JAŚKOWIAK Jacek,2
4,244,LEWANDOWSKI Tomasz Jacek,0
4,244,PUCEK Jarosław,0
4,244,ZYSK Tadeusz,39
4,245,BONK-HAMMERMEISTER Dorota Magdalena,1
4,245,BRATKOWSKI Wojciech,1
4,245,HINC Przemysław Jakub,1
4,245,JAŚKOWIAK Jacek,16
4,245,LEWANDOWSKI Tomasz Jacek,3
4,245,PUCEK Jarosław,0
4,245,ZYSK Tadeusz,7
5,246,BONK-HAMMERMEISTER Dorota Magdalena,0
5,246,BRATKOWSKI Wojciech,0
5,246,HINC Przemysław Jakub,0
5,246,JAŚKOWIAK Jacek,13
5,246,LEWANDOWSKI Tomasz Jacek,1
5,246,PUCEK Jarosław,2
5,246,ZYSK Tadeusz,1
5,247,BONK-HAMMERMEISTER Dorota Magdalena,1
5,247,BRATKOWSKI Wojciech,1
5,247,HINC Przemysław Jakub,0
5,247,JAŚKOWIAK Jacek,12
5,247,LEWANDOWSKI Tomasz Jacek,4
5,247,PUCEK Jarosław,1
5,247,ZYSK Tadeusz,5
5,248,BONK-HAMMERMEISTER Dorota Magdalena,0
5,248,BRATKOWSKI Wojciech,0
5,248,HINC Przemysław Jakub,0
5,248,JAŚKOWIAK Jacek,6
5,248,LEWANDOWSKI Tomasz Jacek,0
5,248,PUCEK Jarosław,0
5,248,ZYSK Tadeusz,2
5,249,BONK-HAMMERMEISTER Dorota Magdalena,0
5,249,BRATKOWSKI Wojciech,2
5,249,HINC Przemysław Jakub,1
5,249,JAŚKOWIAK Jacek,14
5,249,LEWANDOWSKI Tomasz Jacek,4
5,249,PUCEK Jarosław,0
5,249,ZYSK Tadeusz,10
5,250,BONK-HAMMERMEISTER Dorota Magdalena,3
5,250,BRATKOWSKI Wojciech,1
5,250,HINC Przemysław Jakub,2
5,250,JAŚKOWIAK Jacek,8
5,250,LEWANDOWSKI Tomasz Jacek,1
5,250,PUCEK Jarosław,0
5,250,ZYSK Tadeusz,32
5,251,BONK-HAMMERMEISTER Dorota Magdalena,1
5,251,BRATKOWSKI Wojciech,0
5,251,HINC Przemysław Jakub,1
5,251,JAŚKOWIAK Jacek,9
5,251,LEWANDOWSKI Tomasz Jacek,2
5,251,PUCEK Jarosław,0
5,251,ZYSK Tadeusz,1
6,252,BONK-HAMMERMEISTER Dorota Magdalena,1
6,252,BRATKOWSKI Wojciech,0
6,252,HINC Przemysław Jakub,0
6,252,JAŚKOWIAK Jacek,10
6,252,LEWANDOWSKI Tomasz Jacek,1
6,252,PUCEK Jarosław,3
6,252,ZYSK Tadeusz,12
