Nr obwodu,Kandydat,Liczba głosów
1,BONK-HAMMERMEISTER Dorota Magdalena,32
1,BRATKOWSKI Wojciech,6
1,HINC Przemysław Jakub,8
1,JAŚKOWIAK Jacek,231
1,LEWANDOWSKI Tomasz Jacek,28
1,PUCEK Jarosław,32
1,ZYSK Tadeusz,76
2,BONK-HAMMERMEISTER Dorota Magdalena,82
2,BRATKOWSKI Wojciech,15
2,HINC Przemysław Jakub,16
2,JAŚKOWIAK Jacek,593
2,LEWANDOWSKI Tomasz Jacek,86
2,PUCEK Jarosław,59
2,ZYSK Tadeusz,217
3,BONK-HAMMERMEISTER Dorota Magdalena,34
3,BRATKOWSKI Wojciech,3
3,HINC Przemysław Jakub,15
3,JAŚKOWIAK Jacek,314
3,LEWANDOWSKI Tomasz Jacek,45
3,PUCEK Jarosław,43
3,ZYSK Tadeusz,108
4,BONK-HAMMERMEISTER Dorota Magdalena,69
4,BRATKOWSKI Wojciech,14
4,HINC Przemysław Jakub,11
4,JAŚKOWIAK Jacek,330
4,LEWANDOWSKI Tomasz Jacek,47
4,PUCEK Jarosław,37
4,ZYSK Tadeusz,113
5,BONK-HAMMERMEISTER Dorota Magdalena,82
5,BRATKOWSKI Wojciech,14
5,HINC Przemysław Jakub,22
5,JAŚKOWIAK Jacek,479
5,LEWANDOWSKI Tomasz Jacek,78
5,PUCEK Jarosław,67
5,ZYSK Tadeusz,135
6,BONK-HAMMERMEISTER Dorota Magdalena,70
6,BRATKOWSKI Wojciech,9
6,HINC Przemysław Jakub,12
6,JAŚKOWIAK Jacek,403
6,LEWANDOWSKI Tomasz Jacek,52
6,PUCEK Jarosław,55
6,ZYSK Tadeusz,165
7,BONK-HAMMERMEISTER Dorota Magdalena,45
7,BRATKOWSKI Wojciech,6
7,HINC Przemysław Jakub,21
7,JAŚKOWIAK Jacek,432
7,LEWANDOWSKI Tomasz Jacek,53
7,PUCEK Jarosław,37
7,ZYSK Tadeusz,129
8,BONK-HAMMERMEISTER Dorota Magdalena,55
8,BRATKOWSKI Wojciech,12
8,HINC Przemysław Jakub,16
8,JAŚKOWIAK Jacek,455
8,LEWANDOWSKI Tomasz Jacek,58
8,PUCEK Jarosław,53
8,ZYSK Tadeusz,149
9,BONK-HAMMERMEISTER Dorota Magdalena,58
9,BRATKOWSKI Wojciech,14
9,HINC Przemysław Jakub,20
9,JAŚKOWIAK Jacek,367
9,LEWANDOWSKI Tomasz Jacek,74
9,PUCEK Jarosław,74
9,ZYSK Tadeusz,160
10,BONK-HAMMERMEISTER Dorota Magdalena,56
10,BRATKOWSKI Wojciech,11
10,HINC Przemysław Jakub,19
10,JAŚKOWIAK Jacek,407
10,LEWANDOWSKI Tomasz Jacek,60
10,PUCEK Jarosław,49
10,ZYSK Tadeusz,172
11,BONK-HAMMERMEISTER Dorota Magdalena,58
11,BRATKOWSKI Wojciech,9
11,HINC Przemysław Jakub,9
11,JAŚKOWIAK Jacek,369
11,LEWANDOWSKI Tomasz Jacek,56
11,PUCEK Jarosław,55
11,ZYSK Tadeusz,138
12,BONK-HAMMERMEISTER Dorota Magdalena,103
12,BRATKOWSKI Wojciech,22
12,HINC Przemysław Jakub,27
12,JAŚKOWIAK Jacek,751
12,LEWANDOWSKI Tomasz Jacek,72
12,PUCEK Jarosław,108
12,ZYSK Tadeusz,219
13,BONK-HAMMERMEISTER Dorota Magdalena,75
13,BRATKOWSKI Wojciech,23
13,HINC Przemysław Jakub,22
13,JAŚKOWIAK Jacek,567
13,LEWANDOWSKI Tomasz Jacek,73
13,PUCEK Jarosław,89
13,ZYSK Tadeusz,230
14,BONK-HAMMERMEISTER Dorota Magdalena,19
14,BRATKOWSKI Wojciech,18
14,HINC Przemysław Jakub,9
14,JAŚKOWIAK Jacek,429
14,LEWANDOWSKI Tomasz Jacek,68
14,PUCEK Jarosław,58
14,ZYSK Tadeusz,217
15,BONK-HAMMERMEISTER Dorota Magdalena,37
15,BRATKOWSKI Wojciech,11
15,HINC Przemysław Jakub,23
15,JAŚKOWIAK Jacek,558
15,LEWANDOWSKI Tomasz Jacek,62
15,PUCEK Jarosław,94
15,ZYSK Tadeusz,232
16,BONK-HAMMERMEISTER Dorota Magdalena,34
16,BRATKOWSKI Wojciech,13
16,HINC Przemysław Jakub,11
16,JAŚKOWIAK Jacek,449
16,LEWANDOWSKI Tomasz Jacek,57
16,PUCEK Jarosław,62
16,ZYSK Tadeusz,212
17,BONK-HAMMERMEISTER Dorota Magdalena,40
17,BRATKOWSKI Wojciech,16
17,HINC Przemysław Jakub,19
17,JAŚKOWIAK Jacek,461
17,LEWANDOWSKI Tomasz Jacek,58
17,PUCEK Jarosław,126
17,ZYSK Tadeusz,193
18,BONK-HAMMERMEISTER Dorota Magdalena,34
18,BRATKOWSKI Wojciech,12
18,HINC Przemysław Jakub,18
18,JAŚKOWIAK Jacek,576
18,LEWANDOWSKI Tomasz Jacek,63
18,PUCEK Jarosław,102
18,ZYSK Tadeusz,226
19,BONK-HAMMERMEISTER Dorota Magdalena,41
19,BRATKOWSKI Wojciech,10
19,HINC Przemysław Jakub,17
19,JAŚKOWIAK Jacek,588
19,LEWANDOWSKI Tomasz Jacek,71
19,PUCEK Jarosław,90
19,ZYSK Tadeusz,223
20,BONK-HAMMERMEISTER Dorota Magdalena,46
20,BRATKOWSKI Wojciech,13
20,HINC Przemysław Jakub,22
20,JAŚKOWIAK Jacek,532
20,LEWANDOWSKI Tomasz Jacek,56
20,PUCEK Jarosław,63
20,ZYSK Tadeusz,192
21,BONK-HAMMERMEISTER Dorota Magdalena,29
21,BRATKOWSKI Wojciech,11
21,HINC Przemysław Jakub,13
21,JAŚKOWIAK Jacek,402
21,LEWANDOWSKI Tomasz Jacek,57
21,PUCEK Jarosław,41
21,ZYSK Tadeusz,166
22,BONK-HAMMERMEISTER Dorota Magdalena,21
22,BRATKOWSKI Wojciech,10
22,HINC Przemysław Jakub,20
22,JAŚKOWIAK Jacek,355
22,LEWANDOWSKI Tomasz Jacek,68
22,PUCEK Jarosław,63
22,ZYSK Tadeusz,174
23,BONK-HAMMERMEISTER Dorota Magdalena,24
23,BRATKOWSKI Wojciech,10
23,HINC Przemysław Jakub,20
23,JAŚKOWIAK Jacek,443
23,LEWANDOWSKI Tomasz Jacek,69
23,PUCEK Jarosław,79
23,ZYSK Tadeusz,213
24,BONK-HAMMERMEISTER Dorota Magdalena,18
24,BRATKOWSKI Wojciech,7
24,HINC Przemysław Jakub,15
24,JAŚKOWIAK Jacek,271
24,LEWANDOWSKI Tomasz Jacek,49
24,PUCEK Jarosław,59
24,ZYSK Tadeusz,109
25,BONK-HAMMERMEISTER Dorota Magdalena,26
25,BRATKOWSKI Wojciech,14
25,HINC Przemysław Jakub,19
25,JAŚKOWIAK Jacek,338
25,LEWANDOWSKI Tomasz Jacek,45
25,PUCEK Jarosław,73
25,ZYSK Tadeusz,142
26,BONK-HAMMERMEISTER Dorota Magdalena,24
26,BRATKOWSKI Wojciech,10
26,HINC Przemysław Jakub,8
26,JAŚKOWIAK Jacek,382
26,LEWANDOWSKI Tomasz Jacek,49
26,PUCEK Jarosław,57
26,ZYSK Tadeusz,139
27,BONK-HAMMERMEISTER Dorota Magdalena,24
27,BRATKOWSKI Wojciech,12
27,HINC Przemysław Jakub,29
27,JAŚKOWIAK Jacek,566
27,LEWANDOWSKI Tomasz Jacek,60
27,PUCEK Jarosław,71
27,ZYSK Tadeusz,190
28,BONK-HAMMERMEISTER Dorota Magdalena,32
28,BRATKOWSKI Wojciech,16
28,HINC Przemysław Jakub,11
28,JAŚKOWIAK Jacek,463
28,LEWANDOWSKI Tomasz Jacek,60
28,PUCEK Jarosław,44
28,ZYSK Tadeusz,157
29,BONK-HAMMERMEISTER Dorota Magdalena,49
29,BRATKOWSKI Wojciech,21
29,HINC Przemysław Jakub,24
29,JAŚKOWIAK Jacek,574
29,LEWANDOWSKI Tomasz Jacek,69
29,PUCEK Jarosław,68
29,ZYSK Tadeusz,190
30,BONK-HAMMERMEISTER Dorota Magdalena,12
30,BRATKOWSKI Wojciech,10
30,HINC Przemysław Jakub,20
30,JAŚKOWIAK Jacek,240
30,LEWANDOWSKI Tomasz Jacek,50
30,PUCEK Jarosław,39
30,ZYSK Tadeusz,110
31,BONK-HAMMERMEISTER Dorota Magdalena,33
31,BRATKOWSKI Wojciech,26
31,HINC Przemysław Jakub,16
31,JAŚKOWIAK Jacek,443
31,LEWANDOWSKI Tomasz Jacek,55
31,PUCEK Jarosław,64
31,ZYSK Tadeusz,131
32,BONK-HAMMERMEISTER Dorota Magdalena,41
32,BRATKOWSKI Wojciech,12
32,HINC Przemysław Jakub,27
32,JAŚKOWIAK Jacek,494
32,LEWANDOWSKI Tomasz Jacek,95
32,PUCEK Jarosław,65
32,ZYSK Tadeusz,178
33,BONK-HAMMERMEISTER Dorota Magdalena,20
33,BRATKOWSKI Wojciech,9
33,HINC Przemysław Jakub,23
33,JAŚKOWIAK Jacek,284
33,LEWANDOWSKI Tomasz Jacek,49
33,PUCEK Jarosław,41
33,ZYSK Tadeusz,84
34,BONK-HAMMERMEISTER Dorota Magdalena,25
34,BRATKOWSKI Wojciech,9
34,HINC Przemysław Jakub,14
34,JAŚKOWIAK Jacek,290
34,LEWANDOWSKI Tomasz Jacek,40
34,PUCEK Jarosław,43
34,ZYSK Tadeusz,111
35,BONK-HAMMERMEISTER Dorota Magdalena,37
35,BRATKOWSKI Wojciech,13
35,HINC Przemysław Jakub,19
35,JAŚKOWIAK Jacek,406
35,LEWANDOWSKI Tomasz Jacek,81
35,PUCEK Jarosław,55
35,ZYSK Tadeusz,173
36,BONK-HAMMERMEISTER Dorota Magdalena,46
36,BRATKOWSKI Wojciech,17
36,HINC Przemysław Jakub,26
36,JAŚKOWIAK Jacek,653
36,LEWANDOWSKI Tomasz Jacek,70
36,PUCEK Jarosław,80
36,ZYSK Tadeusz,165
37,BONK-HAMMERMEISTER Dorota Magdalena,14
37,BRATKOWSKI Wojciech,10
37,HINC Przemysław Jakub,7
37,JAŚKOWIAK Jacek,311
37,LEWANDOWSKI Tomasz Jacek,37
37,PUCEK Jarosław,47
37,ZYSK Tadeusz,115
38,BONK-HAMMERMEISTER Dorota Magdalena,29
38,BRATKOWSKI Wojciech,18
38,HINC Przemysław Jakub,13
38,JAŚKOWIAK Jacek,330
38,LEWANDOWSKI Tomasz Jacek,54
38,PUCEK Jarosław,20
38,ZYSK Tadeusz,86
39,BONK-HAMMERMEISTER Dorota Magdalena,67
39,BRATKOWSKI Wojciech,23
39,HINC Przemysław Jakub,19
39,JAŚKOWIAK Jacek,781
39,LEWANDOWSKI Tomasz Jacek,92
39,PUCEK Jarosław,60
39,ZYSK Tadeusz,293
40,BONK-HAMMERMEISTER Dorota Magdalena,41
40,BRATKOWSKI Wojciech,16
40,HINC Przemysław Jakub,26
40,JAŚKOWIAK Jacek,817
40,LEWANDOWSKI Tomasz Jacek,99
40,PUCEK Jarosław,61
40,ZYSK Tadeusz,173
41,BONK-HAMMERMEISTER Dorota Magdalena,18
41,BRATKOWSKI Wojciech,12
41,HINC Przemysław Jakub,18
41,JAŚKOWIAK Jacek,410
41,LEWANDOWSKI Tomasz Jacek,38
41,PUCEK Jarosław,47
41,ZYSK Tadeusz,164
42,BONK-HAMMERMEISTER Dorota Magdalena,26
42,BRATKOWSKI Wojciech,14
42,HINC Przemysław Jakub,8
42,JAŚKOWIAK Jacek,439
42,LEWANDOWSKI Tomasz Jacek,30
42,PUCEK Jarosław,51
42,ZYSK Tadeusz,142
43,BONK-HAMMERMEISTER Dorota Magdalena,25
43,BRATKOWSKI Wojciech,14
43,HINC Przemysław Jakub,23
43,JAŚKOWIAK Jacek,560
43,LEWANDOWSKI Tomasz Jacek,74
43,PUCEK Jarosław,79
43,ZYSK Tadeusz,193
44,BONK-HAMMERMEISTER Dorota Magdalena,40
44,BRATKOWSKI Wojciech,37
44,HINC Przemysław Jakub,24
44,JAŚKOWIAK Jacek,584
44,LEWANDOWSKI Tomasz Jacek,70
44,PUCEK Jarosław,89
44,ZYSK Tadeusz,203
45,BONK-HAMMERMEISTER Dorota Magdalena,23
45,BRATKOWSKI Wojciech,23
45,HINC Przemysław Jakub,16
45,JAŚKOWIAK Jacek,549
45,LEWANDOWSKI Tomasz Jacek,106
45,PUCEK Jarosław,85
45,ZYSK Tadeusz,283
46,BONK-HAMMERMEISTER Dorota Magdalena,39
46,BRATKOWSKI Wojciech,33
46,HINC Przemysław Jakub,17
46,JAŚKOWIAK Jacek,718
46,LEWANDOWSKI Tomasz Jacek,93
46,PUCEK Jarosław,68
46,ZYSK Tadeusz,265
47,BONK-HAMMERMEISTER Dorota Magdalena,28
47,BRATKOWSKI Wojciech,14
47,HINC Przemysław Jakub,37
47,JAŚKOWIAK Jacek,639
47,LEWANDOWSKI Tomasz Jacek,92
47,PUCEK Jarosław,76
47,ZYSK Tadeusz,225
48,BONK-HAMMERMEISTER Dorota Magdalena,37
48,BRATKOWSKI Wojciech,17
48,HINC Przemysław Jakub,17
48,JAŚKOWIAK Jacek,475
48,LEWANDOWSKI Tomasz Jacek,73
48,PUCEK Jarosław,70
48,ZYSK Tadeusz,203
49,BONK-HAMMERMEISTER Dorota Magdalena,28
49,BRATKOWSKI Wojciech,14
49,HINC Przemysław Jakub,28
49,JAŚKOWIAK Jacek,654
49,LEWANDOWSKI Tomasz Jacek,100
49,PUCEK Jarosław,86
49,ZYSK Tadeusz,180
50,BONK-HAMMERMEISTER Dorota Magdalena,30
50,BRATKOWSKI Wojciech,14
50,HINC Przemysław Jakub,24
50,JAŚKOWIAK Jacek,666
50,LEWANDOWSKI Tomasz Jacek,91
50,PUCEK Jarosław,110
50,ZYSK Tadeusz,214
51,BONK-HAMMERMEISTER Dorota Magdalena,41
51,BRATKOWSKI Wojciech,14
51,HINC Przemysław Jakub,32
51,JAŚKOWIAK Jacek,608
51,LEWANDOWSKI Tomasz Jacek,81
51,PUCEK Jarosław,72
51,ZYSK Tadeusz,251
52,BONK-HAMMERMEISTER Dorota Magdalena,28
52,BRATKOWSKI Wojciech,23
52,HINC Przemysław Jakub,24
52,JAŚKOWIAK Jacek,609
52,LEWANDOWSKI Tomasz Jacek,86
52,PUCEK Jarosław,74
52,ZYSK Tadeusz,239
53,BONK-HAMMERMEISTER Dorota Magdalena,40
53,BRATKOWSKI Wojciech,23
53,HINC Przemysław Jakub,32
53,JAŚKOWIAK Jacek,758
53,LEWANDOWSKI Tomasz Jacek,121
53,PUCEK Jarosław,85
53,ZYSK Tadeusz,259
54,BONK-HAMMERMEISTER Dorota Magdalena,40
54,BRATKOWSKI Wojciech,16
54,HINC Przemysław Jakub,17
54,JAŚKOWIAK Jacek,653
54,LEWANDOWSKI Tomasz Jacek,91
54,PUCEK Jarosław,86
54,ZYSK Tadeusz,219
55,BONK-HAMMERMEISTER Dorota Magdalena,23
55,BRATKOWSKI Wojciech,15
55,HINC Przemysław Jakub,19
55,JAŚKOWIAK Jacek,621
55,LEWANDOWSKI Tomasz Jacek,58
55,PUCEK Jarosław,82
55,ZYSK Tadeusz,259
56,BONK-HAMMERMEISTER Dorota Magdalena,15
56,BRATKOWSKI Wojciech,14
56,HINC Przemysław Jakub,15
56,JAŚKOWIAK Jacek,534
56,LEWANDOWSKI Tomasz Jacek,96
56,PUCEK Jarosław,72
56,ZYSK Tadeusz,229
57,BONK-HAMMERMEISTER Dorota Magdalena,31
57,BRATKOWSKI Wojciech,11
57,HINC Przemysław Jakub,25
57,JAŚKOWIAK Jacek,650
57,LEWANDOWSKI Tomasz Jacek,82
57,PUCEK Jarosław,73
57,ZYSK Tadeusz,249
58,BONK-HAMMERMEISTER Dorota Magdalena,18
58,BRATKOWSKI Wojciech,18
58,HINC Przemysław Jakub,18
58,JAŚKOWIAK Jacek,484
58,LEWANDOWSKI Tomasz Jacek,62
58,PUCEK Jarosław,90
58,ZYSK Tadeusz,214
59,BONK-HAMMERMEISTER Dorota Magdalena,31
59,BRATKOWSKI Wojciech,11
59,HINC Przemysław Jakub,22
59,JAŚKOWIAK Jacek,544
59,LEWANDOWSKI Tomasz Jacek,70
59,PUCEK Jarosław,67
59,ZYSK Tadeusz,214
60,BONK-HAMMERMEISTER Dorota Magdalena,24
60,BRATKOWSKI Wojciech,11
60,HINC Przemysław Jakub,22
60,JAŚKOWIAK Jacek,543
60,LEWANDOWSKI Tomasz Jacek,69
60,PUCEK Jarosław,70
60,ZYSK Tadeusz,236
61,BONK-HAMMERMEISTER Dorota Magdalena,26
61,BRATKOWSKI Wojciech,13
61,HINC Przemysław Jakub,34
61,JAŚKOWIAK Jacek,703
61,LEWANDOWSKI Tomasz Jacek,88
61,PUCEK Jarosław,58
61,ZYSK Tadeusz,203
62,BONK-HAMMERMEISTER Dorota Magdalena,30
62,BRATKOWSKI Wojciech,14
62,HINC Przemysław Jakub,25
62,JAŚKOWIAK Jacek,582
62,LEWANDOWSKI Tomasz Jacek,81
62,PUCEK Jarosław,55
62,ZYSK Tadeusz,231
63,BONK-HAMMERMEISTER Dorota Magdalena,29
63,BRATKOWSKI Wojciech,12
63,HINC Przemysław Jakub,19
63,JAŚKOWIAK Jacek,625
63,LEWANDOWSKI Tomasz Jacek,83
63,PUCEK Jarosław,118
63,ZYSK Tadeusz,224
64,BONK-HAMMERMEISTER Dorota Magdalena,25
64,BRATKOWSKI Wojciech,16
64,HINC Przemysław Jakub,24
64,JAŚKOWIAK Jacek,650
64,LEWANDOWSKI Tomasz Jacek,78
64,PUCEK Jarosław,74
64,ZYSK Tadeusz,210
65,BONK-HAMMERMEISTER Dorota Magdalena,19
65,BRATKOWSKI Wojciech,12
65,HINC Przemysław Jakub,12
65,JAŚKOWIAK Jacek,303
65,LEWANDOWSKI Tomasz Jacek,56
65,PUCEK Jarosław,48
65,ZYSK Tadeusz,162
66,BONK-HAMMERMEISTER Dorota Magdalena,26
66,BRATKOWSKI Wojciech,7
66,HINC Przemysław Jakub,31
66,JAŚKOWIAK Jacek,529
66,LEWANDOWSKI Tomasz Jacek,68
66,PUCEK Jarosław,59
66,ZYSK Tadeusz,206
67,BONK-HAMMERMEISTER Dorota Magdalena,20
67,BRATKOWSKI Wojciech,10
67,HINC Przemysław Jakub,21
67,JAŚKOWIAK Jacek,527
67,LEWANDOWSKI Tomasz Jacek,58
67,PUCEK Jarosław,47
67,ZYSK Tadeusz,204
68,BONK-HAMMERMEISTER Dorota Magdalena,32
68,BRATKOWSKI Wojciech,23
68,HINC Przemysław Jakub,32
68,JAŚKOWIAK Jacek,655
68,LEWANDOWSKI Tomasz Jacek,100
68,PUCEK Jarosław,94
68,ZYSK Tadeusz,234
69,BONK-HAMMERMEISTER Dorota Magdalena,31
69,BRATKOWSKI Wojciech,12
69,HINC Przemysław Jakub,36
69,JAŚKOWIAK Jacek,864
69,LEWANDOWSKI Tomasz Jacek,72
69,PUCEK Jarosław,77
69,ZYSK Tadeusz,264
70,BONK-HAMMERMEISTER Dorota Magdalena,43
70,BRATKOWSKI Wojciech,24
70,HINC Przemysław Jakub,48
70,JAŚKOWIAK Jacek,913
70,LEWANDOWSKI Tomasz Jacek,137
70,PUCEK Jarosław,103
70,ZYSK Tadeusz,212
71,BONK-HAMMERMEISTER Dorota Magdalena,42
71,BRATKOWSKI Wojciech,18
71,HINC Przemysław Jakub,18
71,JAŚKOWIAK Jacek,482
71,LEWANDOWSKI Tomasz Jacek,88
71,PUCEK Jarosław,82
71,ZYSK Tadeusz,222
72,BONK-HAMMERMEISTER Dorota Magdalena,16
72,BRATKOWSKI Wojciech,9
72,HINC Przemysław Jakub,19
72,JAŚKOWIAK Jacek,295
72,LEWANDOWSKI Tomasz Jacek,49
72,PUCEK Jarosław,48
72,ZYSK Tadeusz,152
73,BONK-HAMMERMEISTER Dorota Magdalena,31
73,BRATKOWSKI Wojciech,13
73,HINC Przemysław Jakub,11
73,JAŚKOWIAK Jacek,427
73,LEWANDOWSKI Tomasz Jacek,67
73,PUCEK Jarosław,55
73,ZYSK Tadeusz,141
74,BONK-HAMMERMEISTER Dorota Magdalena,11
74,BRATKOWSKI Wojciech,7
74,HINC Przemysław Jakub,11
74,JAŚKOWIAK Jacek,278
74,LEWANDOWSKI Tomasz Jacek,41
74,PUCEK Jarosław,33
74,ZYSK Tadeusz,150
75,BONK-HAMMERMEISTER Dorota Magdalena,18
75,BRATKOWSKI Wojciech,17
75,HINC Przemysław Jakub,22
75,JAŚKOWIAK Jacek,332
75,LEWANDOWSKI Tomasz Jacek,58
75,PUCEK Jarosław,73
75,ZYSK Tadeusz,194
76,BONK-HAMMERMEISTER Dorota Magdalena,43
76,BRATKOWSKI Wojciech,14
76,HINC Przemysław Jakub,17
76,JAŚKOWIAK Jacek,411
76,LEWANDOWSKI Tomasz Jacek,61
76,PUCEK Jarosław,48
76,ZYSK Tadeusz,163
77,BONK-HAMMERMEISTER Dorota Magdalena,21
77,BRATKOWSKI Wojciech,11
77,HINC Przemysław Jakub,12
77,JAŚKOWIAK Jacek,363
77,LEWANDOWSKI Tomasz Jacek,78
77,PUCEK Jarosław,65
77,ZYSK Tadeusz,161
78,BONK-HAMMERMEISTER Dorota Magdalena,30
78,BRATKOWSKI Wojciech,6
78,HINC Przemysław Jakub,29
78,JAŚKOWIAK Jacek,330
78,LEWANDOWSKI Tomasz Jacek,66
78,PUCEK Jarosław,61
78,ZYSK Tadeusz,181
79,BONK-HAMMERMEISTER Dorota Magdalena,22
79,BRATKOWSKI Wojciech,16
79,HINC Przemysław Jakub,23
79,JAŚKOWIAK Jacek,420
79,LEWANDOWSKI Tomasz Jacek,52
79,PUCEK Jarosław,58
79,ZYSK Tadeusz,118
80,BONK-HAMMERMEISTER Dorota Magdalena,18
80,BRATKOWSKI Wojciech,12
80,HINC Przemysław Jakub,21
80,JAŚKOWIAK Jacek,405
80,LEWANDOWSKI Tomasz Jacek,60
80,PUCEK Jarosław,64
80,ZYSK Tadeusz,145
81,BONK-HAMMERMEISTER Dorota Magdalena,30
81,BRATKOWSKI Wojciech,9
81,HINC Przemysław Jakub,17
81,JAŚKOWIAK Jacek,444
81,LEWANDOWSKI Tomasz Jacek,56
81,PUCEK Jarosław,58
81,ZYSK Tadeusz,147
82,BONK-HAMMERMEISTER Dorota Magdalena,32
82,BRATKOWSKI Wojciech,15
82,HINC Przemysław Jakub,24
82,JAŚKOWIAK Jacek,543
82,LEWANDOWSKI Tomasz Jacek,81
82,PUCEK Jarosław,40
82,ZYSK Tadeusz,149
83,BONK-HAMMERMEISTER Dorota Magdalena,16
83,BRATKOWSKI Wojciech,4
83,HINC Przemysław Jakub,3
83,JAŚKOWIAK Jacek,233
83,LEWANDOWSKI Tomasz Jacek,46
83,PUCEK Jarosław,48
83,ZYSK Tadeusz,125
84,BONK-HAMMERMEISTER Dorota Magdalena,41
84,BRATKOWSKI Wojciech,22
84,HINC Przemysław Jakub,31
84,JAŚKOWIAK Jacek,564
84,LEWANDOWSKI Tomasz Jacek,101
84,PUCEK Jarosław,82
84,ZYSK Tadeusz,197
85,BONK-HAMMERMEISTER Dorota Magdalena,20
85,BRATKOWSKI Wojciech,21
85,HINC Przemysław Jakub,21
85,JAŚKOWIAK Jacek,459
85,LEWANDOWSKI Tomasz Jacek,88
85,PUCEK Jarosław,70
85,ZYSK Tadeusz,118
86,BONK-HAMMERMEISTER Dorota Magdalena,39
86,BRATKOWSKI Wojciech,23
86,HINC Przemysław Jakub,31
86,JAŚKOWIAK Jacek,492
86,LEWANDOWSKI Tomasz Jacek,80
86,PUCEK Jarosław,87
86,ZYSK Tadeusz,178
87,BONK-HAMMERMEISTER Dorota Magdalena,10
87,BRATKOWSKI Wojciech,15
87,HINC Przemysław Jakub,16
87,JAŚKOWIAK Jacek,272
87,LEWANDOWSKI Tomasz Jacek,52
87,PUCEK Jarosław,49
87,ZYSK Tadeusz,152
88,BONK-HAMMERMEISTER Dorota Magdalena,27
88,BRATKOWSKI Wojciech,16
88,HINC Przemysław Jakub,27
88,JAŚKOWIAK Jacek,544
88,LEWANDOWSKI Tomasz Jacek,73
88,PUCEK Jarosław,86
88,ZYSK Tadeusz,332
89,BONK-HAMMERMEISTER Dorota Magdalena,20
89,BRATKOWSKI Wojciech,9
89,HINC Przemysław Jakub,22
89,JAŚKOWIAK Jacek,391
89,LEWANDOWSKI Tomasz Jacek,66
89,PUCEK Jarosław,61
89,ZYSK Tadeusz,181
90,BONK-HAMMERMEISTER Dorota Magdalena,48
90,BRATKOWSKI Wojciech,14
90,HINC Przemysław Jakub,43
90,JAŚKOWIAK Jacek,605
90,LEWANDOWSKI Tomasz Jacek,65
90,PUCEK Jarosław,79
90,ZYSK Tadeusz,285
91,BONK-HAMMERMEISTER Dorota Magdalena,43
91,BRATKOWSKI Wojciech,17
91,HINC Przemysław Jakub,23
91,JAŚKOWIAK Jacek,472
91,LEWANDOWSKI Tomasz Jacek,92
91,PUCEK Jarosław,113
91,ZYSK Tadeusz,210
92,BONK-HAMMERMEISTER Dorota Magdalena,42
92,BRATKOWSKI Wojciech,28
92,HINC Przemysław Jakub,27
92,JAŚKOWIAK Jacek,654
92,LEWANDOWSKI Tomasz Jacek,74
92,PUCEK Jarosław,97
92,ZYSK Tadeusz,325
93,BONK-HAMMERMEISTER Dorota Magdalena,32
93,BRATKOWSKI Wojciech,20
93,HINC Przemysław Jakub,34
93,JAŚKOWIAK Jacek,677
93,LEWANDOWSKI Tomasz Jacek,68
93,PUCEK Jarosław,102
93,ZYSK Tadeusz,303
94,BONK-HAMMERMEISTER Dorota Magdalena,60
94,BRATKOWSKI Wojciech,13
94,HINC Przemysław Jakub,34
94,JAŚKOWIAK Jacek,565
94,LEWANDOWSKI Tomasz Jacek,67
94,PUCEK Jarosław,131
94,ZYSK Tadeusz,212
95,BONK-HAMMERMEISTER Dorota Magdalena,21
95,BRATKOWSKI Wojciech,21
95,HINC Przemysław Jakub,23
95,JAŚKOWIAK Jacek,611
95,LEWANDOWSKI Tomasz Jacek,103
95,PUCEK Jarosław,66
95,ZYSK Tadeusz,233
96,BONK-HAMMERMEISTER Dorota Magdalena,30
96,BRATKOWSKI Wojciech,20
96,HINC Przemysław Jakub,29
96,JAŚKOWIAK Jacek,825
96,LEWANDOWSKI Tomasz Jacek,111
96,PUCEK Jarosław,94
96,ZYSK Tadeusz,270
97,BONK-HAMMERMEISTER Dorota Magdalena,35
97,BRATKOWSKI Wojciech,18
97,HINC Przemysław Jakub,25
97,JAŚKOWIAK Jacek,719
97,LEWANDOWSKI Tomasz Jacek,147
97,PUCEK Jarosław,75
97,ZYSK Tadeusz,279
98,BONK-HAMMERMEISTER Dorota Magdalena,30
98,BRATKOWSKI Wojciech,23
98,HINC Przemysław Jakub,28
98,JAŚKOWIAK Jacek,775
98,LEWANDOWSKI Tomasz Jacek,125
98,PUCEK Jarosław,111
98,ZYSK Tadeusz,285
99,BONK-HAMMERMEISTER Dorota Magdalena,27
99,BRATKOWSKI Wojciech,13
99,HINC Przemysław Jakub,26
99,JAŚKOWIAK Jacek,517
99,LEWANDOWSKI Tomasz Jacek,65
99,PUCEK Jarosław,47
99,ZYSK Tadeusz,255
100,BONK-HAMMERMEISTER Dorota Magdalena,31
100,BRATKOWSKI Wojciech,18
100,HINC Przemysław Jakub,25
100,JAŚKOWIAK Jacek,800
100,LEWANDOWSKI Tomasz Jacek,123
100,PUCEK Jarosław,96
100,ZYSK Tadeusz,285
101,BONK-HAMMERMEISTER Dorota Magdalena,26
101,BRATKOWSKI Wojciech,19
101,HINC Przemysław Jakub,30
101,JAŚKOWIAK Jacek,687
101,LEWANDOWSKI Tomasz Jacek,132
101,PUCEK Jarosław,80
101,ZYSK Tadeusz,332
102,BONK-HAMMERMEISTER Dorota Magdalena,36
102,BRATKOWSKI Wojciech,19
102,HINC Przemysław Jakub,31
102,JAŚKOWIAK Jacek,737
102,LEWANDOWSKI Tomasz Jacek,119
102,PUCEK Jarosław,96
102,ZYSK Tadeusz,299
103,BONK-HAMMERMEISTER Dorota Magdalena,26
103,BRATKOWSKI Wojciech,9
103,HINC Przemysław Jakub,22
103,JAŚKOWIAK Jacek,694
103,LEWANDOWSKI Tomasz Jacek,100
103,PUCEK Jarosław,80
103,ZYSK Tadeusz,287
104,BONK-HAMMERMEISTER Dorota Magdalena,28
104,BRATKOWSKI Wojciech,18
104,HINC Przemysław Jakub,31
104,JAŚKOWIAK Jacek,559
104,LEWANDOWSKI Tomasz Jacek,75
104,PUCEK Jarosław,89
104,ZYSK Tadeusz,289
105,BONK-HAMMERMEISTER Dorota Magdalena,32
105,BRATKOWSKI Wojciech,27
105,HINC Przemysław Jakub,35
105,JAŚKOWIAK Jacek,617
105,LEWANDOWSKI Tomasz Jacek,90
105,PUCEK Jarosław,96
105,ZYSK Tadeusz,267
106,BONK-HAMMERMEISTER Dorota Magdalena,25
106,BRATKOWSKI Wojciech,28
106,HINC Przemysław Jakub,36
106,JAŚKOWIAK Jacek,600
106,LEWANDOWSKI Tomasz Jacek,78
106,PUCEK Jarosław,112
106,ZYSK Tadeusz,289
107,BONK-HAMMERMEISTER Dorota Magdalena,45
107,BRATKOWSKI Wojciech,17
107,HINC Przemysław Jakub,24
107,JAŚKOWIAK Jacek,719
107,LEWANDOWSKI Tomasz Jacek,67
107,PUCEK Jarosław,68
107,ZYSK Tadeusz,155
108,BONK-HAMMERMEISTER Dorota Magdalena,37
108,BRATKOWSKI Wojciech,16
108,HINC Przemysław Jakub,27
108,JAŚKOWIAK Jacek,677
108,LEWANDOWSKI Tomasz Jacek,87
108,PUCEK Jarosław,57
108,ZYSK Tadeusz,175
109,BONK-HAMMERMEISTER Dorota Magdalena,35
109,BRATKOWSKI Wojciech,19
109,HINC Przemysław Jakub,25
109,JAŚKOWIAK Jacek,598
109,LEWANDOWSKI Tomasz Jacek,105
109,PUCEK Jarosław,83
109,ZYSK Tadeusz,279
110,BONK-HAMMERMEISTER Dorota Magdalena,26
110,BRATKOWSKI Wojciech,9
110,HINC Przemysław Jakub,15
110,JAŚKOWIAK Jacek,547
110,LEWANDOWSKI Tomasz Jacek,90
110,PUCEK Jarosław,83
110,ZYSK Tadeusz,258
111,BONK-HAMMERMEISTER Dorota Magdalena,32
111,BRATKOWSKI Wojciech,11
111,HINC Przemysław Jakub,17
111,JAŚKOWIAK Jacek,642
111,LEWANDOWSKI Tomasz Jacek,98
111,PUCEK Jarosław,82
111,ZYSK Tadeusz,266
112,BONK-HAMMERMEISTER Dorota Magdalena,26
112,BRATKOWSKI Wojciech,20
112,HINC Przemysław Jakub,26
112,JAŚKOWIAK Jacek,591
112,LEWANDOWSKI Tomasz Jacek,95
112,PUCEK Jarosław,67
112,ZYSK Tadeusz,253
113,BONK-HAMMERMEISTER Dorota Magdalena,31
113,BRATKOWSKI Wojciech,20
113,HINC Przemysław Jakub,17
113,JAŚKOWIAK Jacek,686
113,LEWANDOWSKI Tomasz Jacek,95
113,PUCEK Jarosław,72
113,ZYSK Tadeusz,251
114,BONK-HAMMERMEISTER Dorota Magdalena,33
114,BRATKOWSKI Wojciech,23
114,HINC Przemysław Jakub,22
114,JAŚKOWIAK Jacek,603
114,LEWANDOWSKI Tomasz Jacek,85
114,PUCEK Jarosław,102
114,ZYSK Tadeusz,265
115,BONK-HAMMERMEISTER Dorota Magdalena,32
115,BRATKOWSKI Wojciech,19
115,HINC Przemysław Jakub,27
115,JAŚKOWIAK Jacek,597
115,LEWANDOWSKI Tomasz Jacek,104
115,PUCEK Jarosław,71
115,ZYSK Tadeusz,272
116,BONK-HAMMERMEISTER Dorota Magdalena,47
116,BRATKOWSKI Wojciech,16
116,HINC Przemysław Jakub,24
116,JAŚKOWIAK Jacek,626
116,LEWANDOWSKI Tomasz Jacek,123
116,PUCEK Jarosław,93
116,ZYSK Tadeusz,294
117,BONK-HAMMERMEISTER Dorota Magdalena,36
117,BRATKOWSKI Wojciech,17
117,HINC Przemysław Jakub,16
117,JAŚKOWIAK Jacek,632
117,LEWANDOWSKI Tomasz Jacek,106
117,PUCEK Jarosław,75
117,ZYSK Tadeusz,338
118,BONK-HAMMERMEISTER Dorota Magdalena,33
118,BRATKOWSKI Wojciech,15
118,HINC Przemysław Jakub,33
118,JAŚKOWIAK Jacek,636
118,LEWANDOWSKI Tomasz Jacek,115
118,PUCEK Jarosław,104
118,ZYSK Tadeusz,296
119,BONK-HAMMERMEISTER Dorota Magdalena,22
119,BRATKOWSKI Wojciech,14
119,HINC Przemysław Jakub,30
119,JAŚKOWIAK Jacek,656
119,LEWANDOWSKI Tomasz Jacek,103
119,PUCEK Jarosław,77
119,ZYSK Tadeusz,328
120,BONK-HAMMERMEISTER Dorota Magdalena,38
120,BRATKOWSKI Wojciech,23
120,HINC Przemysław Jakub,36
120,JAŚKOWIAK Jacek,695
120,LEWANDOWSKI Tomasz Jacek,101
120,PUCEK Jarosław,97
120,ZYSK Tadeusz,248
121,BONK-HAMMERMEISTER Dorota Magdalena,43
121,BRATKOWSKI Wojciech,15
121,HINC Przemysław Jakub,18
121,JAŚKOWIAK Jacek,665
121,LEWANDOWSKI Tomasz Jacek,98
121,PUCEK Jarosław,74
121,ZYSK Tadeusz,288
122,BONK-HAMMERMEISTER Dorota Magdalena,39
122,BRATKOWSKI Wojciech,17
122,HINC Przemysław Jakub,19
122,JAŚKOWIAK Jacek,657
122,LEWANDOWSKI Tomasz Jacek,107
122,PUCEK Jarosław,91
122,ZYSK Tadeusz,253
123,BONK-HAMMERMEISTER Dorota Magdalena,27
123,BRATKOWSKI Wojciech,22
123,HINC Przemysław Jakub,28
123,JAŚKOWIAK Jacek,698
123,LEWANDOWSKI Tomasz Jacek,92
123,PUCEK Jarosław,85
123,ZYSK Tadeusz,254
124,BONK-HAMMERMEISTER Dorota Magdalena,26
124,BRATKOWSKI Wojciech,17
124,HINC Przemysław Jakub,35
124,JAŚKOWIAK Jacek,639
124,LEWANDOWSKI Tomasz Jacek,112
124,PUCEK Jarosław,74
124,ZYSK Tadeusz,260
125,BONK-HAMMERMEISTER Dorota Magdalena,35
125,BRATKOWSKI Wojciech,15
125,HINC Przemysław Jakub,15
125,JAŚKOWIAK Jacek,699
125,LEWANDOWSKI Tomasz Jacek,132
125,PUCEK Jarosław,82
125,ZYSK Tadeusz,263
126,BONK-HAMMERMEISTER Dorota Magdalena,31
126,BRATKOWSKI Wojciech,16
126,HINC Przemysław Jakub,26
126,JAŚKOWIAK Jacek,618
126,LEWANDOWSKI Tomasz Jacek,95
126,PUCEK Jarosław,96
126,ZYSK Tadeusz,240
127,BONK-HAMMERMEISTER Dorota Magdalena,29
127,BRATKOWSKI Wojciech,26
127,HINC Przemysław Jakub,24
127,JAŚKOWIAK Jacek,632
127,LEWANDOWSKI Tomasz Jacek,91
127,PUCEK Jarosław,77
127,ZYSK Tadeusz,250
128,BONK-HAMMERMEISTER Dorota Magdalena,26
128,BRATKOWSKI Wojciech,17
128,HINC Przemysław Jakub,23
128,JAŚKOWIAK Jacek,447
128,LEWANDOWSKI Tomasz Jacek,72
128,PUCEK Jarosław,94
128,ZYSK Tadeusz,240
129,BONK-HAMMERMEISTER Dorota Magdalena,23
129,BRATKOWSKI Wojciech,15
129,HINC Przemysław Jakub,20
129,JAŚKOWIAK Jacek,409
129,LEWANDOWSKI Tomasz Jacek,95
129,PUCEK Jarosław,64
129,ZYSK Tadeusz,113
130,BONK-HAMMERMEISTER Dorota Magdalena,32
130,BRATKOWSKI Wojciech,10
130,HINC Przemysław Jakub,35
130,JAŚKOWIAK Jacek,512
130,LEWANDOWSKI Tomasz Jacek,130
130,PUCEK Jarosław,74
130,ZYSK Tadeusz,161
131,BONK-HAMMERMEISTER Dorota Magdalena,32
131,BRATKOWSKI Wojciech,19
131,HINC Przemysław Jakub,40
131,JAŚKOWIAK Jacek,357
131,LEWANDOWSKI Tomasz Jacek,131
131,PUCEK Jarosław,87
131,ZYSK Tadeusz,289
132,BONK-HAMMERMEISTER Dorota Magdalena,34
132,BRATKOWSKI Wojciech,18
132,HINC Przemysław Jakub,23
132,JAŚKOWIAK Jacek,552
132,LEWANDOWSKI Tomasz Jacek,215
132,PUCEK Jarosław,114
132,ZYSK Tadeusz,296
133,BONK-HAMMERMEISTER Dorota Magdalena,44
133,BRATKOWSKI Wojciech,8
133,HINC Przemysław Jakub,24
133,JAŚKOWIAK Jacek,448
133,LEWANDOWSKI Tomasz Jacek,120
133,PUCEK Jarosław,79
133,ZYSK Tadeusz,226
134,BONK-HAMMERMEISTER Dorota Magdalena,28
134,BRATKOWSKI Wojciech,20
134,HINC Przemysław Jakub,32
134,JAŚKOWIAK Jacek,495
134,LEWANDOWSKI Tomasz Jacek,129
134,PUCEK Jarosław,94
134,ZYSK Tadeusz,264
135,BONK-HAMMERMEISTER Dorota Magdalena,41
135,BRATKOWSKI Wojciech,17
135,HINC Przemysław Jakub,33
135,JAŚKOWIAK Jacek,571
135,LEWANDOWSKI Tomasz Jacek,92
135,PUCEK Jarosław,114
135,ZYSK Tadeusz,273
136,BONK-HAMMERMEISTER Dorota Magdalena,49
136,BRATKOWSKI Wojciech,21
136,HINC Przemysław Jakub,13
136,JAŚKOWIAK Jacek,581
136,LEWANDOWSKI Tomasz Jacek,102
136,PUCEK Jarosław,76
136,ZYSK Tadeusz,230
137,BONK-HAMMERMEISTER Dorota Magdalena,46
137,BRATKOWSKI Wojciech,12
137,HINC Przemysław Jakub,26
137,JAŚKOWIAK Jacek,554
137,LEWANDOWSKI Tomasz Jacek,71
137,PUCEK Jarosław,106
137,ZYSK Tadeusz,220
138,BONK-HAMMERMEISTER Dorota Magdalena,31
138,BRATKOWSKI Wojciech,17
138,HINC Przemysław Jakub,29
138,JAŚKOWIAK Jacek,513
138,LEWANDOWSKI Tomasz Jacek,59
138,PUCEK Jarosław,125
138,ZYSK Tadeusz,232
139,BONK-HAMMERMEISTER Dorota Magdalena,64
139,BRATKOWSKI Wojciech,13
139,HINC Przemysław Jakub,24
139,JAŚKOWIAK Jacek,602
139,LEWANDOWSKI Tomasz Jacek,71
139,PUCEK Jarosław,111
139,ZYSK Tadeusz,234
140,BONK-HAMMERMEISTER Dorota Magdalena,45
140,BRATKOWSKI Wojciech,12
140,HINC Przemysław Jakub,16
140,JAŚKOWIAK Jacek,312
140,LEWANDOWSKI Tomasz Jacek,42
140,PUCEK Jarosław,70
140,ZYSK Tadeusz,184
141,BONK-HAMMERMEISTER Dorota Magdalena,50
141,BRATKOWSKI Wojciech,14
141,HINC Przemysław Jakub,18
141,JAŚKOWIAK Jacek,400
141,LEWANDOWSKI Tomasz Jacek,52
141,PUCEK Jarosław,64
141,ZYSK Tadeusz,199
142,BONK-HAMMERMEISTER Dorota Magdalena,68
142,BRATKOWSKI Wojciech,18
142,HINC Przemysław Jakub,32
142,JAŚKOWIAK Jacek,544
142,LEWANDOWSKI Tomasz Jacek,67
142,PUCEK Jarosław,83
142,ZYSK Tadeusz,230
143,BONK-HAMMERMEISTER Dorota Magdalena,57
143,BRATKOWSKI Wojciech,9
143,HINC Przemysław Jakub,41
143,JAŚKOWIAK Jacek,566
143,LEWANDOWSKI Tomasz Jacek,52
143,PUCEK Jarosław,84
143,ZYSK Tadeusz,268
144,BONK-HAMMERMEISTER Dorota Magdalena,63
144,BRATKOWSKI Wojciech,8
144,HINC Przemysław Jakub,26
144,JAŚKOWIAK Jacek,402
144,LEWANDOWSKI Tomasz Jacek,43
144,PUCEK Jarosław,58
144,ZYSK Tadeusz,212
145,BONK-HAMMERMEISTER Dorota Magdalena,37
145,BRATKOWSKI Wojciech,10
145,HINC Przemysław Jakub,16
145,JAŚKOWIAK Jacek,424
145,LEWANDOWSKI Tomasz Jacek,32
145,PUCEK Jarosław,54
145,ZYSK Tadeusz,219
146,BONK-HAMMERMEISTER Dorota Magdalena,74
146,BRATKOWSKI Wojciech,19
146,HINC Przemysław Jakub,21
146,JAŚKOWIAK Jacek,520
146,LEWANDOWSKI Tomasz Jacek,48
146,PUCEK Jarosław,72
146,ZYSK Tadeusz,254
147,BONK-HAMMERMEISTER Dorota Magdalena,23
147,BRATKOWSKI Wojciech,12
147,HINC Przemysław Jakub,15
147,JAŚKOWIAK Jacek,500
147,LEWANDOWSKI Tomasz Jacek,45
147,PUCEK Jarosław,35
147,ZYSK Tadeusz,165
148,BONK-HAMMERMEISTER Dorota Magdalena,31
148,BRATKOWSKI Wojciech,16
148,HINC Przemysław Jakub,7
148,JAŚKOWIAK Jacek,476
148,LEWANDOWSKI Tomasz Jacek,59
148,PUCEK Jarosław,68
148,ZYSK Tadeusz,164
149,BONK-HAMMERMEISTER Dorota Magdalena,30
149,BRATKOWSKI Wojciech,17
149,HINC Przemysław Jakub,25
149,JAŚKOWIAK Jacek,697
149,LEWANDOWSKI Tomasz Jacek,48
149,PUCEK Jarosław,51
149,ZYSK Tadeusz,256
150,BONK-HAMMERMEISTER Dorota Magdalena,30
150,BRATKOWSKI Wojciech,11
150,HINC Przemysław Jakub,19
150,JAŚKOWIAK Jacek,443
150,LEWANDOWSKI Tomasz Jacek,53
150,PUCEK Jarosław,66
150,ZYSK Tadeusz,201
151,BONK-HAMMERMEISTER Dorota Magdalena,26
151,BRATKOWSKI Wojciech,13
151,HINC Przemysław Jakub,6
151,JAŚKOWIAK Jacek,396
151,LEWANDOWSKI Tomasz Jacek,49
151,PUCEK Jarosław,52
151,ZYSK Tadeusz,165
152,BONK-HAMMERMEISTER Dorota Magdalena,30
152,BRATKOWSKI Wojciech,17
152,HINC Przemysław Jakub,26
152,JAŚKOWIAK Jacek,618
152,LEWANDOWSKI Tomasz Jacek,97
152,PUCEK Jarosław,74
152,ZYSK Tadeusz,197
153,BONK-HAMMERMEISTER Dorota Magdalena,25
153,BRATKOWSKI Wojciech,13
153,HINC Przemysław Jakub,27
153,JAŚKOWIAK Jacek,426
153,LEWANDOWSKI Tomasz Jacek,53
153,PUCEK Jarosław,120
153,ZYSK Tadeusz,232
154,BONK-HAMMERMEISTER Dorota Magdalena,16
154,BRATKOWSKI Wojciech,9
154,HINC Przemysław Jakub,20
154,JAŚKOWIAK Jacek,423
154,LEWANDOWSKI Tomasz Jacek,72
154,PUCEK Jarosław,49
154,ZYSK Tadeusz,191
155,BONK-HAMMERMEISTER Dorota Magdalena,23
155,BRATKOWSKI Wojciech,17
155,HINC Przemysław Jakub,19
155,JAŚKOWIAK Jacek,514
155,LEWANDOWSKI Tomasz Jacek,82
155,PUCEK Jarosław,80
155,ZYSK Tadeusz,224
156,BONK-HAMMERMEISTER Dorota Magdalena,25
156,BRATKOWSKI Wojciech,10
156,HINC Przemysław Jakub,22
156,JAŚKOWIAK Jacek,449
156,LEWANDOWSKI Tomasz Jacek,75
156,PUCEK Jarosław,53
156,ZYSK Tadeusz,164
157,BONK-HAMMERMEISTER Dorota Magdalena,19
157,BRATKOWSKI Wojciech,14
157,HINC Przemysław Jakub,18
157,JAŚKOWIAK Jacek,498
157,LEWANDOWSKI Tomasz Jacek,90
157,PUCEK Jarosław,81
157,ZYSK Tadeusz,215
158,BONK-HAMMERMEISTER Dorota Magdalena,29
158,BRATKOWSKI Wojciech,26
158,HINC Przemysław Jakub,19
158,JAŚKOWIAK Jacek,564
158,LEWANDOWSKI Tomasz Jacek,55
158,PUCEK Jarosław,82
158,ZYSK Tadeusz,208
159,BONK-HAMMERMEISTER Dorota Magdalena,22
159,BRATKOWSKI Wojciech,20
159,HINC Przemysław Jakub,7
159,JAŚKOWIAK Jacek,520
159,LEWANDOWSKI Tomasz Jacek,72
159,PUCEK Jarosław,47
159,ZYSK Tadeusz,209
160,BONK-HAMMERMEISTER Dorota Magdalena,48
160,BRATKOWSKI Wojciech,23
160,HINC Przemysław Jakub,34
160,JAŚKOWIAK Jacek,821
160,LEWANDOWSKI Tomasz Jacek,79
160,PUCEK Jarosław,93
160,ZYSK Tadeusz,259
161,BONK-HAMMERMEISTER Dorota Magdalena,35
161,BRATKOWSKI Wojciech,19
161,HINC Przemysław Jakub,24
161,JAŚKOWIAK Jacek,630
161,LEWANDOWSKI Tomasz Jacek,61
161,PUCEK Jarosław,78
161,ZYSK Tadeusz,220
162,BONK-HAMMERMEISTER Dorota Magdalena,35
162,BRATKOWSKI Wojciech,28
162,HINC Przemysław Jakub,26
162,JAŚKOWIAK Jacek,579
162,LEWANDOWSKI Tomasz Jacek,60
162,PUCEK Jarosław,76
162,ZYSK Tadeusz,250
163,BONK-HAMMERMEISTER Dorota Magdalena,46
163,BRATKOWSKI Wojciech,13
163,HINC Przemysław Jakub,20
163,JAŚKOWIAK Jacek,676
163,LEWANDOWSKI Tomasz Jacek,82
163,PUCEK Jarosław,66
163,ZYSK Tadeusz,202
164,BONK-HAMMERMEISTER Dorota Magdalena,26
164,BRATKOWSKI Wojciech,12
164,HINC Przemysław Jakub,20
164,JAŚKOWIAK Jacek,541
164,LEWANDOWSKI Tomasz Jacek,52
164,PUCEK Jarosław,74
164,ZYSK Tadeusz,180
165,BONK-HAMMERMEISTER Dorota Magdalena,25
165,BRATKOWSKI Wojciech,6
165,HINC Przemysław Jakub,21
165,JAŚKOWIAK Jacek,618
165,LEWANDOWSKI Tomasz Jacek,80
165,PUCEK Jarosław,85
165,ZYSK Tadeusz,191
166,BONK-HAMMERMEISTER Dorota Magdalena,27
166,BRATKOWSKI Wojciech,12
166,HINC Przemysław Jakub,18
166,JAŚKOWIAK Jacek,609
166,LEWANDOWSKI Tomasz Jacek,78
166,PUCEK Jarosław,63
166,ZYSK Tadeusz,230
167,BONK-HAMMERMEISTER Dorota Magdalena,36
167,BRATKOWSKI Wojciech,16
167,HINC Przemysław Jakub,24
167,JAŚKOWIAK Jacek,668
167,LEWANDOWSKI Tomasz Jacek,91
167,PUCEK Jarosław,90
167,ZYSK Tadeusz,252
168,BONK-HAMMERMEISTER Dorota Magdalena,33
168,BRATKOWSKI Wojciech,18
168,HINC Przemysław Jakub,21
168,JAŚKOWIAK Jacek,600
168,LEWANDOWSKI Tomasz Jacek,87
168,PUCEK Jarosław,78
168,ZYSK Tadeusz,260
169,BONK-HAMMERMEISTER Dorota Magdalena,28
169,BRATKOWSKI Wojciech,23
169,HINC Przemysław Jakub,23
169,JAŚKOWIAK Jacek,628
169,LEWANDOWSKI Tomasz Jacek,112
169,PUCEK Jarosław,83
169,ZYSK Tadeusz,118
170,BONK-HAMMERMEISTER Dorota Magdalena,30
170,BRATKOWSKI Wojciech,16
170,HINC Przemysław Jakub,17
170,JAŚKOWIAK Jacek,501
170,LEWANDOWSKI Tomasz Jacek,112
170,PUCEK Jarosław,83
170,ZYSK Tadeusz,172
171,BONK-HAMMERMEISTER Dorota Magdalena,39
171,BRATKOWSKI Wojciech,10
171,HINC Przemysław Jakub,28
171,JAŚKOWIAK Jacek,506
171,LEWANDOWSKI Tomasz Jacek,53
171,PUCEK Jarosław,79
171,ZYSK Tadeusz,200
172,BONK-HAMMERMEISTER Dorota Magdalena,33
172,BRATKOWSKI Wojciech,12
172,HINC Przemysław Jakub,11
172,JAŚKOWIAK Jacek,397
172,LEWANDOWSKI Tomasz Jacek,51
172,PUCEK Jarosław,69
172,ZYSK Tadeusz,172
173,BONK-HAMMERMEISTER Dorota Magdalena,36
173,BRATKOWSKI Wojciech,11
173,HINC Przemysław Jakub,27
173,JAŚKOWIAK Jacek,459
173,LEWANDOWSKI Tomasz Jacek,44
173,PUCEK Jarosław,85
173,ZYSK Tadeusz,250
174,BONK-HAMMERMEISTER Dorota Magdalena,15
174,BRATKOWSKI Wojciech,19
174,HINC Przemysław Jakub,24
174,JAŚKOWIAK Jacek,408
174,LEWANDOWSKI Tomasz Jacek,40
174,PUCEK Jarosław,68
174,ZYSK Tadeusz,261
175,BONK-HAMMERMEISTER Dorota Magdalena,22
175,BRATKOWSKI Wojciech,14
175,HINC Przemysław Jakub,26
175,JAŚKOWIAK Jacek,353
175,LEWANDOWSKI Tomasz Jacek,45
175,PUCEK Jarosław,65
175,ZYSK Tadeusz,172
176,BONK-HAMMERMEISTER Dorota Magdalena,32
176,BRATKOWSKI Wojciech,17
176,HINC Przemysław Jakub,41
176,JAŚKOWIAK Jacek,598
176,LEWANDOWSKI Tomasz Jacek,62
176,PUCEK Jarosław,50
176,ZYSK Tadeusz,242
177,BONK-HAMMERMEISTER Dorota Magdalena,29
177,BRATKOWSKI Wojciech,24
177,HINC Przemysław Jakub,38
177,JAŚKOWIAK Jacek,665
177,LEWANDOWSKI Tomasz Jacek,71
177,PUCEK Jarosław,74
177,ZYSK Tadeusz,280
178,BONK-HAMMERMEISTER Dorota Magdalena,29
178,BRATKOWSKI Wojciech,18
178,HINC Przemysław Jakub,12
178,JAŚKOWIAK Jacek,470
178,LEWANDOWSKI Tomasz Jacek,37
178,PUCEK Jarosław,44
178,ZYSK Tadeusz,203
179,BONK-HAMMERMEISTER Dorota Magdalena,24
179,BRATKOWSKI Wojciech,16
179,HINC Przemysław Jakub,37
179,JAŚKOWIAK Jacek,419
179,LEWANDOWSKI Tomasz Jacek,39
179,PUCEK Jarosław,65
179,ZYSK Tadeusz,219
180,BONK-HAMMERMEISTER Dorota Magdalena,23
180,BRATKOWSKI Wojciech,22
180,HINC Przemysław Jakub,28
180,JAŚKOWIAK Jacek,634
180,LEWANDOWSKI Tomasz Jacek,58
180,PUCEK Jarosław,77
180,ZYSK Tadeusz,202
181,BONK-HAMMERMEISTER Dorota Magdalena,49
181,BRATKOWSKI Wojciech,19
181,HINC Przemysław Jakub,28
181,JAŚKOWIAK Jacek,610
181,LEWANDOWSKI Tomasz Jacek,75
181,PUCEK Jarosław,102
181,ZYSK Tadeusz,238
182,BONK-HAMMERMEISTER Dorota Magdalena,35
182,BRATKOWSKI Wojciech,17
182,HINC Przemysław Jakub,29
182,JAŚKOWIAK Jacek,614
182,LEWANDOWSKI Tomasz Jacek,55
182,PUCEK Jarosław,67
182,ZYSK Tadeusz,153
183,BONK-HAMMERMEISTER Dorota Magdalena,30
183,BRATKOWSKI Wojciech,17
183,HINC Przemysław Jakub,21
183,JAŚKOWIAK Jacek,899
183,LEWANDOWSKI Tomasz Jacek,61
183,PUCEK Jarosław,66
183,ZYSK Tadeusz,270
184,BONK-HAMMERMEISTER Dorota Magdalena,57
184,BRATKOWSKI Wojciech,30
184,HINC Przemysław Jakub,26
184,JAŚKOWIAK Jacek,1010
184,LEWANDOWSKI Tomasz Jacek,65
184,PUCEK Jarosław,84
184,ZYSK Tadeusz,254
185,BONK-HAMMERMEISTER Dorota Magdalena,29
185,BRATKOWSKI Wojciech,11
185,HINC Przemysław Jakub,23
185,JAŚKOWIAK Jacek,667
185,LEWANDOWSKI Tomasz Jacek,61
185,PUCEK Jarosław,65
185,ZYSK Tadeusz,226
186,BONK-HAMMERMEISTER Dorota Magdalena,22
186,BRATKOWSKI Wojciech,35
186,HINC Przemysław Jakub,29
186,JAŚKOWIAK Jacek,510
186,LEWANDOWSKI Tomasz Jacek,38
186,PUCEK Jarosław,53
186,ZYSK Tadeusz,237
187,BONK-HAMMERMEISTER Dorota Magdalena,48
187,BRATKOWSKI Wojciech,31
187,HINC Przemysław Jakub,32
187,JAŚKOWIAK Jacek,815
187,LEWANDOWSKI Tomasz Jacek,66
187,PUCEK Jarosław,120
187,ZYSK Tadeusz,298
188,BONK-HAMMERMEISTER Dorota Magdalena,34
188,BRATKOWSKI Wojciech,35
188,HINC Przemysław Jakub,24
188,JAŚKOWIAK Jacek,631
188,LEWANDOWSKI Tomasz Jacek,56
188,PUCEK Jarosław,93
188,ZYSK Tadeusz,363
189,BONK-HAMMERMEISTER Dorota Magdalena,36
189,BRATKOWSKI Wojciech,39
189,HINC Przemysław Jakub,29
189,JAŚKOWIAK Jacek,672
189,LEWANDOWSKI Tomasz Jacek,55
189,PUCEK Jarosław,96
189,ZYSK Tadeusz,273
190,BONK-HAMMERMEISTER Dorota Magdalena,45
190,BRATKOWSKI Wojciech,106
190,HINC Przemysław Jakub,18
190,JAŚKOWIAK Jacek,784
190,LEWANDOWSKI Tomasz Jacek,60
190,PUCEK Jarosław,83
190,ZYSK Tadeusz,232
191,BONK-HAMMERMEISTER Dorota Magdalena,67
191,BRATKOWSKI Wojciech,70
191,HINC Przemysław Jakub,17
191,JAŚKOWIAK Jacek,664
191,LEWANDOWSKI Tomasz Jacek,70
191,PUCEK Jarosław,66
191,ZYSK Tadeusz,169
192,BONK-HAMMERMEISTER Dorota Magdalena,89
192,BRATKOWSKI Wojciech,145
192,HINC Przemysław Jakub,21
192,JAŚKOWIAK Jacek,753
192,LEWANDOWSKI Tomasz Jacek,82
192,PUCEK Jarosław,84
192,ZYSK Tadeusz,214
193,BONK-HAMMERMEISTER Dorota Magdalena,48
193,BRATKOWSKI Wojciech,54
193,HINC Przemysław Jakub,29
193,JAŚKOWIAK Jacek,958
193,LEWANDOWSKI Tomasz Jacek,110
193,PUCEK Jarosław,124
193,ZYSK Tadeusz,322
194,BONK-HAMMERMEISTER Dorota Magdalena,49
194,BRATKOWSKI Wojciech,26
194,HINC Przemysław Jakub,18
194,JAŚKOWIAK Jacek,603
194,LEWANDOWSKI Tomasz Jacek,68
194,PUCEK Jarosław,81
194,ZYSK Tadeusz,249
195,BONK-HAMMERMEISTER Dorota Magdalena,53
195,BRATKOWSKI Wojciech,32
195,HINC Przemysław Jakub,38
195,JAŚKOWIAK Jacek,765
195,LEWANDOWSKI Tomasz Jacek,59
195,PUCEK Jarosław,81
195,ZYSK Tadeusz,219
196,BONK-HAMMERMEISTER Dorota Magdalena,66
196,BRATKOWSKI Wojciech,23
196,HINC Przemysław Jakub,28
196,JAŚKOWIAK Jacek,764
196,LEWANDOWSKI Tomasz Jacek,97
196,PUCEK Jarosław,95
196,ZYSK Tadeusz,240
197,BONK-HAMMERMEISTER Dorota Magdalena,31
197,BRATKOWSKI Wojciech,27
197,HINC Przemysław Jakub,32
197,JAŚKOWIAK Jacek,723
197,LEWANDOWSKI Tomasz Jacek,98
197,PUCEK Jarosław,97
197,ZYSK Tadeusz,320
198,BONK-HAMMERMEISTER Dorota Magdalena,39
198,BRATKOWSKI Wojciech,23
198,HINC Przemysław Jakub,39
198,JAŚKOWIAK Jacek,611
198,LEWANDOWSKI Tomasz Jacek,82
198,PUCEK Jarosław,65
198,ZYSK Tadeusz,224
199,BONK-HAMMERMEISTER Dorota Magdalena,38
199,BRATKOWSKI Wojciech,32
199,HINC Przemysław Jakub,27
199,JAŚKOWIAK Jacek,705
199,LEWANDOWSKI Tomasz Jacek,107
199,PUCEK Jarosław,95
199,ZYSK Tadeusz,238
200,BONK-HAMMERMEISTER Dorota Magdalena,27
200,BRATKOWSKI Wojciech,24
200,HINC Przemysław Jakub,28
200,JAŚKOWIAK Jacek,678
200,LEWANDOWSKI Tomasz Jacek,83
200,PUCEK Jarosław,91
200,ZYSK Tadeusz,238
201,BONK-HAMMERMEISTER Dorota Magdalena,38
201,BRATKOWSKI Wojciech,19
201,HINC Przemysław Jakub,30
201,JAŚKOWIAK Jacek,720
201,LEWANDOWSKI Tomasz Jacek,101
201,PUCEK Jarosław,83
201,ZYSK Tadeusz,249
202,BONK-HAMMERMEISTER Dorota Magdalena,42
202,BRATKOWSKI Wojciech,24
202,HINC Przemysław Jakub,41
202,JAŚKOWIAK Jacek,908
202,LEWANDOWSKI Tomasz Jacek,84
202,PUCEK Jarosław,103
202,ZYSK Tadeusz,242
203,BONK-HAMMERMEISTER Dorota Magdalena,35
203,BRATKOWSKI Wojciech,25
203,HINC Przemysław Jakub,16
203,JAŚKOWIAK Jacek,767
203,LEWANDOWSKI Tomasz Jacek,96
203,PUCEK Jarosław,75
203,ZYSK Tadeusz,223
204,BONK-HAMMERMEISTER Dorota Magdalena,29
204,BRATKOWSKI Wojciech,18
204,HINC Przemysław Jakub,36
204,JAŚKOWIAK Jacek,746
204,LEWANDOWSKI Tomasz Jacek,83
204,PUCEK Jarosław,75
204,ZYSK Tadeusz,225
205,BONK-HAMMERMEISTER Dorota Magdalena,32
205,BRATKOWSKI Wojciech,23
205,HINC Przemysław Jakub,24
205,JAŚKOWIAK Jacek,770
205,LEWANDOWSKI Tomasz Jacek,122
205,PUCEK Jarosław,84
205,ZYSK Tadeusz,204
206,BONK-HAMMERMEISTER Dorota Magdalena,42
206,BRATKOWSKI Wojciech,18
206,HINC Przemysław Jakub,29
206,JAŚKOWIAK Jacek,646
206,LEWANDOWSKI Tomasz Jacek,97
206,PUCEK Jarosław,86
206,ZYSK Tadeusz,251
207,BONK-HAMMERMEISTER Dorota Magdalena,40
207,BRATKOWSKI Wojciech,27
207,HINC Przemysław Jakub,31
207,JAŚKOWIAK Jacek,646
207,LEWANDOWSKI Tomasz Jacek,103
207,PUCEK Jarosław,88
207,ZYSK Tadeusz,244
208,BONK-HAMMERMEISTER Dorota Magdalena,46
208,BRATKOWSKI Wojciech,16
208,HINC Przemysław Jakub,25
208,JAŚKOWIAK Jacek,681
208,LEWANDOWSKI Tomasz Jacek,67
208,PUCEK Jarosław,101
208,ZYSK Tadeusz,203
209,BONK-HAMMERMEISTER Dorota Magdalena,49
209,BRATKOWSKI Wojciech,28
209,HINC Przemysław Jakub,30
209,JAŚKOWIAK Jacek,799
209,LEWANDOWSKI Tomasz Jacek,84
209,PUCEK Jarosław,91
209,ZYSK Tadeusz,154
210,BONK-HAMMERMEISTER Dorota Magdalena,48
210,BRATKOWSKI Wojciech,14
210,HINC Przemysław Jakub,21
210,JAŚKOWIAK Jacek,656
210,LEWANDOWSKI Tomasz Jacek,109
210,PUCEK Jarosław,72
210,ZYSK Tadeusz,251
211,BONK-HAMMERMEISTER Dorota Magdalena,49
211,BRATKOWSKI Wojciech,17
211,HINC Przemysław Jakub,26
211,JAŚKOWIAK Jacek,816
211,LEWANDOWSKI Tomasz Jacek,90
211,PUCEK Jarosław,97
211,ZYSK Tadeusz,205
212,BONK-HAMMERMEISTER Dorota Magdalena,21
212,BRATKOWSKI Wojciech,28
212,HINC Przemysław Jakub,21
212,JAŚKOWIAK Jacek,645
212,LEWANDOWSKI Tomasz Jacek,122
212,PUCEK Jarosław,60
212,ZYSK Tadeusz,219
213,BONK-HAMMERMEISTER Dorota Magdalena,34
213,BRATKOWSKI Wojciech,14
213,HINC Przemysław Jakub,37
213,JAŚKOWIAK Jacek,578
213,LEWANDOWSKI Tomasz Jacek,65
213,PUCEK Jarosław,75
213,ZYSK Tadeusz,248
214,BONK-HAMMERMEISTER Dorota Magdalena,44
214,BRATKOWSKI Wojciech,18
214,HINC Przemysław Jakub,19
214,JAŚKOWIAK Jacek,725
214,LEWANDOWSKI Tomasz Jacek,109
214,PUCEK Jarosław,82
214,ZYSK Tadeusz,186
215,BONK-HAMMERMEISTER Dorota Magdalena,35
215,BRATKOWSKI Wojciech,22
215,HINC Przemysław Jakub,32
215,JAŚKOWIAK Jacek,624
215,LEWANDOWSKI Tomasz Jacek,83
215,PUCEK Jarosław,87
215,ZYSK Tadeusz,234
216,BONK-HAMMERMEISTER Dorota Magdalena,26
216,BRATKOWSKI Wojciech,7
216,HINC Przemysław Jakub,17
216,JAŚKOWIAK Jacek,520
216,LEWANDOWSKI Tomasz Jacek,132
216,PUCEK Jarosław,67
216,ZYSK Tadeusz,227
217,BONK-HAMMERMEISTER Dorota Magdalena,36
217,BRATKOWSKI Wojciech,15
217,HINC Przemysław Jakub,25
217,JAŚKOWIAK Jacek,528
217,LEWANDOWSKI Tomasz Jacek,83
217,PUCEK Jarosław,68
217,ZYSK Tadeusz,231
218,BONK-HAMMERMEISTER Dorota Magdalena,52
218,BRATKOWSKI Wojciech,23
218,HINC Przemysław Jakub,23
218,JAŚKOWIAK Jacek,968
218,LEWANDOWSKI Tomasz Jacek,105
218,PUCEK Jarosław,91
218,ZYSK Tadeusz,198
219,BONK-HAMMERMEISTER Dorota Magdalena,47
219,BRATKOWSKI Wojciech,20
219,HINC Przemysław Jakub,24
219,JAŚKOWIAK Jacek,719
219,LEWANDOWSKI Tomasz Jacek,109
219,PUCEK Jarosław,71
219,ZYSK Tadeusz,193
220,BONK-HAMMERMEISTER Dorota Magdalena,38
220,BRATKOWSKI Wojciech,24
220,HINC Przemysław Jakub,21
220,JAŚKOWIAK Jacek,842
220,LEWANDOWSKI Tomasz Jacek,102
220,PUCEK Jarosław,94
220,ZYSK Tadeusz,111
221,BONK-HAMMERMEISTER Dorota Magdalena,37
221,BRATKOWSKI Wojciech,11
221,HINC Przemysław Jakub,22
221,JAŚKOWIAK Jacek,513
221,LEWANDOWSKI Tomasz Jacek,64
221,PUCEK Jarosław,70
221,ZYSK Tadeusz,163
222,BONK-HAMMERMEISTER Dorota Magdalena,42
222,BRATKOWSKI Wojciech,20
222,HINC Przemysław Jakub,30
222,JAŚKOWIAK Jacek,854
222,LEWANDOWSKI Tomasz Jacek,84
222,PUCEK Jarosław,99
222,ZYSK Tadeusz,274
223,BONK-HAMMERMEISTER Dorota Magdalena,48
223,BRATKOWSKI Wojciech,26
223,HINC Przemysław Jakub,21
223,JAŚKOWIAK Jacek,654
223,LEWANDOWSKI Tomasz Jacek,58
223,PUCEK Jarosław,123
223,ZYSK Tadeusz,267
224,BONK-HAMMERMEISTER Dorota Magdalena,2
224,BRATKOWSKI Wojciech,0
224,HINC Przemysław Jakub,2
224,JAŚKOWIAK Jacek,26
224,LEWANDOWSKI Tomasz Jacek,8
224,PUCEK Jarosław,0
224,ZYSK Tadeusz,15
225,BONK-HAMMERMEISTER Dorota Magdalena,0
225,BRATKOWSKI Wojciech,2
225,HINC Przemysław Jakub,0
225,JAŚKOWIAK Jacek,21
225,LEWANDOWSKI Tomasz Jacek,2
225,PUCEK Jarosław,1
225,ZYSK Tadeusz,11
226,BONK-HAMMERMEISTER Dorota Magdalena,2
226,BRATKOWSKI Wojciech,1
226,HINC Przemysław Jakub,1
226,JAŚKOWIAK Jacek,3
226,LEWANDOWSKI Tomasz Jacek,1
226,PUCEK Jarosław,0
226,ZYSK Tadeusz,13
227,BONK-HAMMERMEISTER Dorota Magdalena,0
227,BRATKOWSKI Wojciech,0
227,HINC Przemysław Jakub,0
227,JAŚKOWIAK Jacek,2
227,LEWANDOWSKI Tomasz Jacek,0
227,PUCEK Jarosław,1
227,ZYSK Tadeusz,1
228,BONK-HAMMERMEISTER Dorota Magdalena,0
228,BRATKOWSKI Wojciech,1
228,HINC Przemysław Jakub,0
228,JAŚKOWIAK Jacek,3
228,LEWANDOWSKI Tomasz Jacek,2
228,PUCEK Jarosław,0
228,ZYSK Tadeusz,6
229,BONK-HAMMERMEISTER Dorota Magdalena,0
229,BRATKOWSKI Wojciech,0
229,HINC Przemysław Jakub,0
229,JAŚKOWIAK Jacek,0
229,LEWANDOWSKI Tomasz Jacek,0
229,PUCEK Jarosław,0
229,ZYSK Tadeusz,1
230,BONK-HAMMERMEISTER Dorota Magdalena,1
230,BRATKOWSKI Wojciech,0
230,HINC Przemysław Jakub,1
230,JAŚKOWIAK Jacek,12
230,LEWANDOWSKI Tomasz Jacek,1
230,PUCEK Jarosław,0
230,ZYSK Tadeusz,2
231,BONK-HAMMERMEISTER Dorota Magdalena,2
231,BRATKOWSKI Wojciech,1
231,HINC Przemysław Jakub,0
231,JAŚKOWIAK Jacek,8
231,LEWANDOWSKI Tomasz Jacek,0
231,PUCEK Jarosław,3
231,ZYSK Tadeusz,8
232,BONK-HAMMERMEISTER Dorota Magdalena,3
232,BRATKOWSKI Wojciech,2
232,HINC Przemysław Jakub,1
232,JAŚKOWIAK Jacek,7
232,LEWANDOWSKI Tomasz Jacek,5
232,PUCEK Jarosław,1
232,ZYSK Tadeusz,8
233,BONK-HAMMERMEISTER Dorota Magdalena,0
233,BRATKOWSKI Wojciech,2
233,HINC Przemysław Jakub,2
233,JAŚKOWIAK Jacek,17
233,LEWANDOWSKI Tomasz Jacek,8
233,PUCEK Jarosław,5
233,ZYSK Tadeusz,25
234,BONK-HAMMERMEISTER Dorota Magdalena,0
234,BRATKOWSKI Wojciech,0
234,HINC Przemysław Jakub,0
234,JAŚKOWIAK Jacek,36
234,LEWANDOWSKI Tomasz Jacek,2
234,PUCEK Jarosław,2
234,ZYSK Tadeusz,21
235,BONK-HAMMERMEISTER Dorota Magdalena,0
235,BRATKOWSKI Wojciech,0
235,HINC Przemysław Jakub,1
235,JAŚKOWIAK Jacek,12
235,LEWANDOWSKI Tomasz Jacek,1
235,PUCEK Jarosław,0
235,ZYSK Tadeusz,2
236,BONK-HAMMERMEISTER Dorota Magdalena,1
236,BRATKOWSKI Wojciech,0
236,HINC Przemysław Jakub,0
236,JAŚKOWIAK Jacek,16
236,LEWANDOWSKI Tomasz Jacek,1
236,PUCEK Jarosław,1
236,ZYSK Tadeusz,7
237,BONK-HAMMERMEISTER Dorota Magdalena,1
237,BRATKOWSKI Wojciech,1
237,HINC Przemysław Jakub,0
237,JAŚKOWIAK Jacek,5
237,LEWANDOWSKI Tomasz Jacek,1
237,PUCEK Jarosław,1
237,ZYSK Tadeusz,4
238,BONK-HAMMERMEISTER Dorota Magdalena,6
238,BRATKOWSKI Wojciech,3
238,HINC Przemysław Jakub,4
238,JAŚKOWIAK Jacek,26
238,LEWANDOWSKI Tomasz Jacek,4
238,PUCEK Jarosław,5
238,ZYSK Tadeusz,6
239,BONK-HAMMERMEISTER Dorota Magdalena,0
239,BRATKOWSKI Wojciech,1
239,HINC Przemysław Jakub,3
239,JAŚKOWIAK Jacek,18
239,LEWANDOWSKI Tomasz Jacek,5
239,PUCEK Jarosław,2
239,ZYSK Tadeusz,13
240,BONK-HAMMERMEISTER Dorota Magdalena,0
240,BRATKOWSKI Wojciech,0
240,HINC Przemysław Jakub,2
240,JAŚKOWIAK Jacek,22
240,LEWANDOWSKI Tomasz Jacek,6
240,PUCEK Jarosław,4
240,ZYSK Tadeusz,9
241,BONK-HAMMERMEISTER Dorota Magdalena,1
241,BRATKOWSKI Wojciech,1
241,HINC Przemysław Jakub,1
241,JAŚKOWIAK Jacek,24
241,LEWANDOWSKI Tomasz Jacek,4
241,PUCEK Jarosław,3
241,ZYSK Tadeusz,19
242,BONK-HAMMERMEISTER Dorota Magdalena,0
242,BRATKOWSKI Wojciech,0
242,HINC Przemysław Jakub,0
242,JAŚKOWIAK Jacek,2
242,LEWANDOWSKI Tomasz Jacek,0
242,PUCEK Jarosław,2
242,ZYSK Tadeusz,44
243,BONK-HAMMERMEISTER Dorota Magdalena,0
243,BRATKOWSKI Wojciech,1
243,HINC Przemysław Jakub,0
243,JAŚKOWIAK Jacek,6
243,LEWANDOWSKI Tomasz Jacek,1
243,PUCEK Jarosław,0
243,ZYSK Tadeusz,8
244,BONK-HAMMERMEISTER Dorota Magdalena,1
244,BRATKOWSKI Wojciech,0
244,HINC Przemysław Jakub,0
244,JAŚKOWIAK Jacek,2
244,LEWANDOWSKI Tomasz Jacek,0
244,PUCEK Jarosław,0
244,ZYSK Tadeusz,39
245,BONK-HAMMERMEISTER Dorota Magdalena,1
245,BRATKOWSKI Wojciech,1
245,HINC Przemysław Jakub,1
245,JAŚKOWIAK Jacek,16
245,LEWANDOWSKI Tomasz Jacek,3
245,PUCEK Jarosław,0
245,ZYSK Tadeusz,7
246,BONK-HAMMERMEISTER Dorota Magdalena,0
246,BRATKOWSKI Wojciech,0
246,HINC Przemysław Jakub,0
246,JAŚKOWIAK Jacek,13
246,LEWANDOWSKI Tomasz Jacek,1
246,PUCEK Jarosław,2
246,ZYSK Tadeusz,1
247,BONK-HAMMERMEISTER Dorota Magdalena,1
247,BRATKOWSKI Wojciech,1
247,HINC Przemysław Jakub,0
247,JAŚKOWIAK Jacek,12
247,LEWANDOWSKI Tomasz Jacek,4
247,PUCEK Jarosław,1
247,ZYSK Tadeusz,5
248,BONK-HAMMERMEISTER Dorota Magdalena,0
248,BRATKOWSKI Wojciech,0
248,HINC Przemysław Jakub,0
248,JAŚKOWIAK Jacek,6
248,LEWANDOWSKI Tomasz Jacek,0
248,PUCEK Jarosław,0
248,ZYSK Tadeusz,2
249,BONK-HAMMERMEISTER Dorota Magdalena,0
249,BRATKOWSKI Wojciech,2
249,HINC Przemysław Jakub,1
249,JAŚKOWIAK Jacek,14
249,LEWANDOWSKI Tomasz Jacek,4
249,PUCEK Jarosław,0
249,ZYSK Tadeusz,10
250,BONK-HAMMERMEISTER Dorota Magdalena,3
250,BRATKOWSKI Wojciech,1
250,HINC Przemysław Jakub,2
250,JAŚKOWIAK Jacek,8
250,LEWANDOWSKI Tomasz Jacek,1
250,PUCEK Jarosław,0
250,ZYSK Tadeusz,32
251,BONK-HAMMERMEISTER Dorota Magdalena,1
251,BRATKOWSKI Wojciech,0
251,HINC Przemysław Jakub,1
251,JAŚKOWIAK Jacek,9
251,LEWANDOWSKI Tomasz Jacek,2
251,PUCEK Jarosław,0
251,ZYSK Tadeusz,1
252,BONK-HAMMERMEISTER Dorota Magdalena,1
252,BRATKOWSKI Wojciech,0
252,HINC Przemysław Jakub,0
252,JAŚKOWIAK Jacek,10
252,LEWANDOWSKI Tomasz Jacek,1
252,PUCEK Jarosław,3
252,ZYSK Tadeusz,12
